period,duoarea,area-name,product,product-name,process,process-name,series,series-description,value,units
2026-09-18,R33,NA,EPG0,Natural Gas,SWO,Underground Storage - Working Gas,NW2_EPG0_SWO_R33_BCF,Weekly South Central  Region Natural Gas Working Underground Storage (Billion Cubic Feet),1041,BCF
2026-09-11,R33,NA,EPG0,Natural Gas,SWO,Underground Storage - Working Gas,NW2_EPG0_SWO_R33_BCF,Weekly South Central  Region Natural Gas Working Underground Storage (Billion Cubic Feet),1039,BCF
2026-09-04,R33,NA,EPG0,Natural Gas,SWO,Underground Storage - Working Gas,NW2_EPG0_SWO_R33_BCF,Weekly South Central  Region Natural Gas Working Underground Storage (Billion Cubic Feet),1044,BCF
2026-08-28,R33,NA,EPG0,Natural Gas,SWO,Underground Storage - Working Gas,NW2_EPG0_SWO_R33_BCF,Weekly South Central  Region Natural Gas Working Underground Storage (Billion Cubic Feet),1051,BCF
2026-08-21,R33,NA,EPG0,Natural Gas,SWO,Underground Storage - Working Gas,NW2_EPG0_SWO_R33_BCF,Weekly South Central  Region Natural Gas Working Underground Storage (Billion Cubic Feet),1061,BCF
2026-08-14,R33,NA,EPG0,Natural Gas,SWO,Underground Storage - Working Gas,NW2_EPG0_SWO_R33_BCF,Weekly South Central  Region Natural Gas Working Underground Storage (Billion Cubic Feet),1080,BCF
2026-08-07,R33,NA,EPG0,Natural Gas,SWO,Underground Storage - Working Gas,NW2_EPG0_SWO_R33_BCF,Weekly South Central  Region Natural Gas Working Underground Storage (Billion Cubic Feet),1093,BCF
2026-07-31,R33,NA,EPG0,Natural Gas,SWO,Underground Storage - Working Gas,NW2_EPG0_SWO_R33_BCF,Weekly South Central  Region Natural Gas Working Underground Storage (Billion Cubic Feet),1090,BCF
2026-07-24,R33,NA,EPG0,Natural Gas,SWO,Underground Storage - Working Gas,NW2_EPG0_SWO_R33_BCF,Weekly South Central  Region Natural Gas Working Underground Storage (Billion Cubic Feet),1096,BCF
2026-07-17,R33,NA,EPG0,Natural Gas,SWO,Underground Storage - Working Gas,NW2_EPG0_SWO_R33_BCF,Weekly South Central  Region Natural Gas Working Underground Storage (Billion Cubic Feet),1105,BCF
2026-07-10,R33,NA,EPG0,Natural Gas,SWO,Underground Storage - Working Gas,NW2_EPG0_SWO_R33_BCF,Weekly South Central  Region Natural Gas Working Underground Storage (Billion Cubic Feet),1103,BCF
2026-07-03,R33,NA,EPG0,Natural Gas,SWO,Underground Storage - Working Gas,NW2_EPG0_SWO_R33_BCF,Weekly South Central  Region Natural Gas Working Underground Storage (Billion Cubic Feet),1100,BCF
2026-06-26,R33,NA,EPG0,Natural Gas,SWO,Underground Storage - Working Gas,NW2_EPG0_SWO_R33_BCF,Weekly South Central  Region Natural Gas Working Underground Storage (Billion Cubic Feet),1086,BCF
2026-06-19,R33,NA,EPG0,Natural Gas,SWO,Underground Storage - Working Gas,NW2_EPG0_SWO_R33_BCF,Weekly South Central  Region Natural Gas Working Underground Storage (Billion Cubic Feet),1066,BCF
2026-06-12,R33,NA,EPG0,Natural Gas,SWO,Underground Storage - Working Gas,NW2_EPG0_SWO_R33_BCF,Weekly South Central  Region Natural Gas Working Underground Storage (Billion Cubic Feet),1053,BCF
2026-06-05,R33,NA,EPG0,Natural Gas,SWO,Underground Storage - Working Gas,NW2_EPG0_SWO_R33_BCF,Weekly South Central  Region Natural Gas Working Underground Storage (Billion Cubic Feet),1037,BCF
2026-05-29,R33,NA,EPG0,Natural Gas,SWO,Underground Storage - Working Gas,NW2_EPG0_SWO_R33_BCF,Weekly South Central  Region Natural Gas Working Underground Storage (Billion Cubic Feet),1009,BCF
2026-05-22,R33,NA,EPG0,Natural Gas,SWO,Underground Storage - Working Gas,NW2_EPG0_SWO_R33_BCF,Weekly South Central  Region Natural Gas Working Underground Storage (Billion Cubic Feet),993,BCF
2026-05-15,R33,NA,EPG0,Natural Gas,SWO,Underground Storage - Working Gas,NW2_EPG0_SWO_R33_BCF,Weekly South Central  Region Natural Gas Working Underground Storage (Billion Cubic Feet),972,BCF
2026-05-08,R33,NA,EPG0,Natural Gas,SWO,Underground Storage - Working Gas,NW2_EPG0_SWO_R33_BCF,Weekly South Central  Region Natural Gas Working Underground Storage (Billion Cubic Feet),941,BCF
2026-05-01,R33,NA,EPG0,Natural Gas,SWO,Underground Storage - Working Gas,NW2_EPG0_SWO_R33_BCF,Weekly South Central  Region Natural Gas Working Underground Storage (Billion Cubic Feet),914,BCF
2026-04-24,R33,NA,EPG0,Natural Gas,SWO,Underground Storage - Working Gas,NW2_EPG0_SWO_R33_BCF,Weekly South Central  Region Natural Gas Working Underground Storage (Billion Cubic Feet),905,BCF
2026-04-17,R33,NA,EPG0,Natural Gas,SWO,Underground Storage - Working Gas,NW2_EPG0_SWO_R33_BCF,Weekly South Central  Region Natural Gas Working Underground Storage (Billion Cubic Feet),879,BCF
2026-04-10,R33,NA,EPG0,Natural Gas,SWO,Underground Storage - Working Gas,NW2_EPG0_SWO_R33_BCF,Weekly South Central  Region Natural Gas Working Underground Storage (Billion Cubic Feet),838,BCF
2026-04-03,R33,NA,EPG0,Natural Gas,SWO,Underground Storage - Working Gas,NW2_EPG0_SWO_R33_BCF,Weekly South Central  Region Natural Gas Working Underground Storage (Billion Cubic Feet),807,BCF
2026-03-27,R33,NA,EPG0,Natural Gas,SWO,Underground Storage - Working Gas,NW2_EPG0_SWO_R33_BCF,Weekly South Central  Region Natural Gas Working Underground Storage (Billion Cubic Feet),775,BCF
2026-03-20,R33,NA,EPG0,Natural Gas,SWO,Underground Storage - Working Gas,NW2_EPG0_SWO_R33_BCF,Weekly South Central  Region Natural Gas Working Underground Storage (Billion Cubic Feet),745,BCF
2026-03-13,R33,NA,EPG0,Natural Gas,SWO,Underground Storage - Working Gas,NW2_EPG0_SWO_R33_BCF,Weekly South Central  Region Natural Gas Working Underground Storage (Billion Cubic Feet),747,BCF
2026-03-06,R33,NA,EPG0,Natural Gas,SWO,Underground Storage - Working Gas,NW2_EPG0_SWO_R33_BCF,Weekly South Central  Region Natural Gas Working Underground Storage (Billion Cubic Feet),721,BCF
2026-02-27,R33,NA,EPG0,Natural Gas,SWO,Underground Storage - Working Gas,NW2_EPG0_SWO_R33_BCF,Weekly South Central  Region Natural Gas Working Underground Storage (Billion Cubic Feet),712,BCF
2026-02-20,R33,NA,EPG0,Natural Gas,SWO,Underground Storage - Working Gas,NW2_EPG0_SWO_R33_BCF,Weekly South Central  Region Natural Gas Working Underground Storage (Billion Cubic Feet),753,BCF
2026-02-13,R33,NA,EPG0,Natural Gas,SWO,Underground Storage - Working Gas,NW2_EPG0_SWO_R33_BCF,Weekly South Central  Region Natural Gas Working Underground Storage (Billion Cubic Feet),747,BCF
2026-02-06,R33,NA,EPG0,Natural Gas,SWO,Underground Storage - Working Gas,NW2_EPG0_SWO_R33_BCF,Weekly South Central  Region Natural Gas Working Underground Storage (Billion Cubic Feet),784,BCF
2026-01-30,R33,NA,EPG0,Natural Gas,SWO,Underground Storage - Working Gas,NW2_EPG0_SWO_R33_BCF,Weekly South Central  Region Natural Gas Working Underground Storage (Billion Cubic Feet),892,BCF
2026-01-23,R33,NA,EPG0,Natural Gas,SWO,Underground Storage - Working Gas,NW2_EPG0_SWO_R33_BCF,Weekly South Central  Region Natural Gas Working Underground Storage (Billion Cubic Feet),1050,BCF
2026-01-16,R33,NA,EPG0,Natural Gas,SWO,Underground Storage - Working Gas,NW2_EPG0_SWO_R33_BCF,Weekly South Central  Region Natural Gas Working Underground Storage (Billion Cubic Feet),1139,BCF
2026-01-09,R33,NA,EPG0,Natural Gas,SWO,Underground Storage - Working Gas,NW2_EPG0_SWO_R33_BCF,Weekly South Central  Region Natural Gas Working Underground Storage (Billion Cubic Feet),1177,BCF
2026-01-02,R33,NA,EPG0,Natural Gas,SWO,Underground Storage - Working Gas,NW2_EPG0_SWO_R33_BCF,Weekly South Central  Region Natural Gas Working Underground Storage (Billion Cubic Feet),1178,BCF
2025-12-26,R33,NA,EPG0,Natural Gas,SWO,Underground Storage - Working Gas,NW2_EPG0_SWO_R33_BCF,Weekly South Central  Region Natural Gas Working Underground Storage (Billion Cubic Feet),1203,BCF
2025-12-19,R33,NA,EPG0,Natural Gas,SWO,Underground Storage - Working Gas,NW2_EPG0_SWO_R33_BCF,Weekly South Central  Region Natural Gas Working Underground Storage (Billion Cubic Feet),1190,BCF
2025-12-12,R33,NA,EPG0,Natural Gas,SWO,Underground Storage - Working Gas,NW2_EPG0_SWO_R33_BCF,Weekly South Central  Region Natural Gas Working Underground Storage (Billion Cubic Feet),1242,BCF
2025-12-05,R33,NA,EPG0,Natural Gas,SWO,Underground Storage - Working Gas,NW2_EPG0_SWO_R33_BCF,Weekly South Central  Region Natural Gas Working Underground Storage (Billion Cubic Feet),1290,BCF
2025-11-28,R33,NA,EPG0,Natural Gas,SWO,Underground Storage - Working Gas,NW2_EPG0_SWO_R33_BCF,Weekly South Central  Region Natural Gas Working Underground Storage (Billion Cubic Feet),1345,BCF
2025-11-21,R33,NA,EPG0,Natural Gas,SWO,Underground Storage - Working Gas,NW2_EPG0_SWO_R33_BCF,Weekly South Central  Region Natural Gas Working Underground Storage (Billion Cubic Feet),1329,BCF
2025-11-14,R33,NA,EPG0,Natural Gas,SWO,Underground Storage - Working Gas,NW2_EPG0_SWO_R33_BCF,Weekly South Central  Region Natural Gas Working Underground Storage (Billion Cubic Feet),1316,BCF
2025-11-07,R33,NA,EPG0,Natural Gas,SWO,Underground Storage - Working Gas,NW2_EPG0_SWO_R33_BCF,Weekly South Central  Region Natural Gas Working Underground Storage (Billion Cubic Feet),1318,BCF
2025-10-31,R33,NA,EPG0,Natural Gas,SWO,Underground Storage - Working Gas,NW2_EPG0_SWO_R33_BCF,Weekly South Central  Region Natural Gas Working Underground Storage (Billion Cubic Feet),1296,BCF
2025-10-24,R33,NA,EPG0,Natural Gas,SWO,Underground Storage - Working Gas,NW2_EPG0_SWO_R33_BCF,Weekly South Central  Region Natural Gas Working Underground Storage (Billion Cubic Feet),1282,BCF
2025-10-17,R33,NA,EPG0,Natural Gas,SWO,Underground Storage - Working Gas,NW2_EPG0_SWO_R33_BCF,Weekly South Central  Region Natural Gas Working Underground Storage (Billion Cubic Feet),1255,BCF
2025-10-10,R33,NA,EPG0,Natural Gas,SWO,Underground Storage - Working Gas,NW2_EPG0_SWO_R33_BCF,Weekly South Central  Region Natural Gas Working Underground Storage (Billion Cubic Feet),1222,BCF
2025-10-03,R33,NA,EPG0,Natural Gas,SWO,Underground Storage - Working Gas,NW2_EPG0_SWO_R33_BCF,Weekly South Central  Region Natural Gas Working Underground Storage (Billion Cubic Feet),1201,BCF
2025-09-26,R33,NA,EPG0,Natural Gas,SWO,Underground Storage - Working Gas,NW2_EPG0_SWO_R33_BCF,Weekly South Central  Region Natural Gas Working Underground Storage (Billion Cubic Feet),1186,BCF
2025-09-19,R33,NA,EPG0,Natural Gas,SWO,Underground Storage - Working Gas,NW2_EPG0_SWO_R33_BCF,Weekly South Central  Region Natural Gas Working Underground Storage (Billion Cubic Feet),1190,BCF
2025-09-12,R33,NA,EPG0,Natural Gas,SWO,Underground Storage - Working Gas,NW2_EPG0_SWO_R33_BCF,Weekly South Central  Region Natural Gas Working Underground Storage (Billion Cubic Feet),1174,BCF
2025-09-05,R33,NA,EPG0,Natural Gas,SWO,Underground Storage - Working Gas,NW2_EPG0_SWO_R33_BCF,Weekly South Central  Region Natural Gas Working Underground Storage (Billion Cubic Feet),1145,BCF
2025-08-29,R33,NA,EPG0,Natural Gas,SWO,Underground Storage - Working Gas,NW2_EPG0_SWO_R33_BCF,Weekly South Central  Region Natural Gas Working Underground Storage (Billion Cubic Feet),1129,BCF
2025-08-22,R33,NA,EPG0,Natural Gas,SWO,Underground Storage - Working Gas,NW2_EPG0_SWO_R33_BCF,Weekly South Central  Region Natural Gas Working Underground Storage (Billion Cubic Feet),1125,BCF
2025-08-15,R33,NA,EPG0,Natural Gas,SWO,Underground Storage - Working Gas,NW2_EPG0_SWO_R33_BCF,Weekly South Central  Region Natural Gas Working Underground Storage (Billion Cubic Feet),1141,BCF
2025-08-08,R33,NA,EPG0,Natural Gas,SWO,Underground Storage - Working Gas,NW2_EPG0_SWO_R33_BCF,Weekly South Central  Region Natural Gas Working Underground Storage (Billion Cubic Feet),1154,BCF
2025-08-01,R33,NA,EPG0,Natural Gas,SWO,Underground Storage - Working Gas,NW2_EPG0_SWO_R33_BCF,Weekly South Central  Region Natural Gas Working Underground Storage (Billion Cubic Feet),1145,BCF
2025-07-25,R33,NA,EPG0,Natural Gas,SWO,Underground Storage - Working Gas,NW2_EPG0_SWO_R33_BCF,Weekly South Central  Region Natural Gas Working Underground Storage (Billion Cubic Feet),1162,BCF
2025-07-18,R33,NA,EPG0,Natural Gas,SWO,Underground Storage - Working Gas,NW2_EPG0_SWO_R33_BCF,Weekly South Central  Region Natural Gas Working Underground Storage (Billion Cubic Feet),1159,BCF
2025-07-11,R33,NA,EPG0,Natural Gas,SWO,Underground Storage - Working Gas,NW2_EPG0_SWO_R33_BCF,Weekly South Central  Region Natural Gas Working Underground Storage (Billion Cubic Feet),1164,BCF
2025-07-04,R33,NA,EPG0,Natural Gas,SWO,Underground Storage - Working Gas,NW2_EPG0_SWO_R33_BCF,Weekly South Central  Region Natural Gas Working Underground Storage (Billion Cubic Feet),1158,BCF
2025-06-27,R33,NA,EPG0,Natural Gas,SWO,Underground Storage - Working Gas,NW2_EPG0_SWO_R33_BCF,Weekly South Central  Region Natural Gas Working Underground Storage (Billion Cubic Feet),1148,BCF
2025-06-20,R33,NA,EPG0,Natural Gas,SWO,Underground Storage - Working Gas,NW2_EPG0_SWO_R33_BCF,Weekly South Central  Region Natural Gas Working Underground Storage (Billion Cubic Feet),1140,BCF
2025-06-13,R33,NA,EPG0,Natural Gas,SWO,Underground Storage - Working Gas,NW2_EPG0_SWO_R33_BCF,Weekly South Central  Region Natural Gas Working Underground Storage (Billion Cubic Feet),1111,BCF
2025-06-06,R33,NA,EPG0,Natural Gas,SWO,Underground Storage - Working Gas,NW2_EPG0_SWO_R33_BCF,Weekly South Central  Region Natural Gas Working Underground Storage (Billion Cubic Feet),1091,BCF
2025-05-30,R33,NA,EPG0,Natural Gas,SWO,Underground Storage - Working Gas,NW2_EPG0_SWO_R33_BCF,Weekly South Central  Region Natural Gas Working Underground Storage (Billion Cubic Feet),1055,BCF
2025-05-23,R33,NA,EPG0,Natural Gas,SWO,Underground Storage - Working Gas,NW2_EPG0_SWO_R33_BCF,Weekly South Central  Region Natural Gas Working Underground Storage (Billion Cubic Feet),1021,BCF
2025-05-16,R33,NA,EPG0,Natural Gas,SWO,Underground Storage - Working Gas,NW2_EPG0_SWO_R33_BCF,Weekly South Central  Region Natural Gas Working Underground Storage (Billion Cubic Feet),996,BCF
2025-05-09,R33,NA,EPG0,Natural Gas,SWO,Underground Storage - Working Gas,NW2_EPG0_SWO_R33_BCF,Weekly South Central  Region Natural Gas Working Underground Storage (Billion Cubic Feet),957,BCF
2025-05-02,R33,NA,EPG0,Natural Gas,SWO,Underground Storage - Working Gas,NW2_EPG0_SWO_R33_BCF,Weekly South Central  Region Natural Gas Working Underground Storage (Billion Cubic Feet),917,BCF
2025-04-25,R33,NA,EPG0,Natural Gas,SWO,Underground Storage - Working Gas,NW2_EPG0_SWO_R33_BCF,Weekly South Central  Region Natural Gas Working Underground Storage (Billion Cubic Feet),885,BCF
2025-04-18,R33,NA,EPG0,Natural Gas,SWO,Underground Storage - Working Gas,NW2_EPG0_SWO_R33_BCF,Weekly South Central  Region Natural Gas Working Underground Storage (Billion Cubic Feet),851,BCF
2025-04-11,R33,NA,EPG0,Natural Gas,SWO,Underground Storage - Working Gas,NW2_EPG0_SWO_R33_BCF,Weekly South Central  Region Natural Gas Working Underground Storage (Billion Cubic Feet),804,BCF
2025-04-04,R33,NA,EPG0,Natural Gas,SWO,Underground Storage - Working Gas,NW2_EPG0_SWO_R33_BCF,Weekly South Central  Region Natural Gas Working Underground Storage (Billion Cubic Feet),789,BCF
2025-03-28,R33,NA,EPG0,Natural Gas,SWO,Underground Storage - Working Gas,NW2_EPG0_SWO_R33_BCF,Weekly South Central  Region Natural Gas Working Underground Storage (Billion Cubic Feet),758,BCF
2025-03-21,R33,NA,EPG0,Natural Gas,SWO,Underground Storage - Working Gas,NW2_EPG0_SWO_R33_BCF,Weekly South Central  Region Natural Gas Working Underground Storage (Billion Cubic Feet),725,BCF
2025-03-14,R33,NA,EPG0,Natural Gas,SWO,Underground Storage - Working Gas,NW2_EPG0_SWO_R33_BCF,Weekly South Central  Region Natural Gas Working Underground Storage (Billion Cubic Feet),688,BCF
2025-03-07,R33,NA,EPG0,Natural Gas,SWO,Underground Storage - Working Gas,NW2_EPG0_SWO_R33_BCF,Weekly South Central  Region Natural Gas Working Underground Storage (Billion Cubic Feet),660,BCF
2025-02-28,R33,NA,EPG0,Natural Gas,SWO,Underground Storage - Working Gas,NW2_EPG0_SWO_R33_BCF,Weekly South Central  Region Natural Gas Working Underground Storage (Billion Cubic Feet),658,BCF
2025-02-21,R33,NA,EPG0,Natural Gas,SWO,Underground Storage - Working Gas,NW2_EPG0_SWO_R33_BCF,Weekly South Central  Region Natural Gas Working Underground Storage (Billion Cubic Feet),688,BCF
2025-02-14,R33,NA,EPG0,Natural Gas,SWO,Underground Storage - Working Gas,NW2_EPG0_SWO_R33_BCF,Weekly South Central  Region Natural Gas Working Underground Storage (Billion Cubic Feet),799,BCF
2025-02-07,R33,NA,EPG0,Natural Gas,SWO,Underground Storage - Working Gas,NW2_EPG0_SWO_R33_BCF,Weekly South Central  Region Natural Gas Working Underground Storage (Billion Cubic Feet),853,BCF
2025-01-31,R33,NA,EPG0,Natural Gas,SWO,Underground Storage - Working Gas,NW2_EPG0_SWO_R33_BCF,Weekly South Central  Region Natural Gas Working Underground Storage (Billion Cubic Feet),854,BCF
2025-01-24,R33,NA,EPG0,Natural Gas,SWO,Underground Storage - Working Gas,NW2_EPG0_SWO_R33_BCF,Weekly South Central  Region Natural Gas Working Underground Storage (Billion Cubic Feet),901,BCF
2025-01-17,R33,NA,EPG0,Natural Gas,SWO,Underground Storage - Working Gas,NW2_EPG0_SWO_R33_BCF,Weekly South Central  Region Natural Gas Working Underground Storage (Billion Cubic Feet),1037,BCF
2025-01-10,R33,NA,EPG0,Natural Gas,SWO,Underground Storage - Working Gas,NW2_EPG0_SWO_R33_BCF,Weekly South Central  Region Natural Gas Working Underground Storage (Billion Cubic Feet),1114,BCF
2025-01-03,R33,NA,EPG0,Natural Gas,SWO,Underground Storage - Working Gas,NW2_EPG0_SWO_R33_BCF,Weekly South Central  Region Natural Gas Working Underground Storage (Billion Cubic Feet),1207,BCF
2024-12-27,R33,NA,EPG0,Natural Gas,SWO,Underground Storage - Working Gas,NW2_EPG0_SWO_R33_BCF,Weekly South Central  Region Natural Gas Working Underground Storage (Billion Cubic Feet),1197,BCF
2024-12-20,R33,NA,EPG0,Natural Gas,SWO,Underground Storage - Working Gas,NW2_EPG0_SWO_R33_BCF,Weekly South Central  Region Natural Gas Working Underground Storage (Billion Cubic Feet),1217,BCF
2024-12-13,R33,NA,EPG0,Natural Gas,SWO,Underground Storage - Working Gas,NW2_EPG0_SWO_R33_BCF,Weekly South Central  Region Natural Gas Working Underground Storage (Billion Cubic Feet),1222,BCF
2024-12-06,R33,NA,EPG0,Natural Gas,SWO,Underground Storage - Working Gas,NW2_EPG0_SWO_R33_BCF,Weekly South Central  Region Natural Gas Working Underground Storage (Billion Cubic Feet),1251,BCF
2024-11-29,R33,NA,EPG0,Natural Gas,SWO,Underground Storage - Working Gas,NW2_EPG0_SWO_R33_BCF,Weekly South Central  Region Natural Gas Working Underground Storage (Billion Cubic Feet),1310,BCF
2024-11-22,R33,NA,EPG0,Natural Gas,SWO,Underground Storage - Working Gas,NW2_EPG0_SWO_R33_BCF,Weekly South Central  Region Natural Gas Working Underground Storage (Billion Cubic Feet),1301,BCF
2024-11-15,R33,NA,EPG0,Natural Gas,SWO,Underground Storage - Working Gas,NW2_EPG0_SWO_R33_BCF,Weekly South Central  Region Natural Gas Working Underground Storage (Billion Cubic Feet),1291,BCF
2024-11-08,R33,NA,EPG0,Natural Gas,SWO,Underground Storage - Working Gas,NW2_EPG0_SWO_R33_BCF,Weekly South Central  Region Natural Gas Working Underground Storage (Billion Cubic Feet),1285,BCF
2024-11-01,R33,NA,EPG0,Natural Gas,SWO,Underground Storage - Working Gas,NW2_EPG0_SWO_R33_BCF,Weekly South Central  Region Natural Gas Working Underground Storage (Billion Cubic Feet),1267,BCF
2024-10-25,R33,NA,EPG0,Natural Gas,SWO,Underground Storage - Working Gas,NW2_EPG0_SWO_R33_BCF,Weekly South Central  Region Natural Gas Working Underground Storage (Billion Cubic Feet),1240,BCF
2024-10-18,R33,NA,EPG0,Natural Gas,SWO,Underground Storage - Working Gas,NW2_EPG0_SWO_R33_BCF,Weekly South Central  Region Natural Gas Working Underground Storage (Billion Cubic Feet),1205,BCF
2024-10-11,R33,NA,EPG0,Natural Gas,SWO,Underground Storage - Working Gas,NW2_EPG0_SWO_R33_BCF,Weekly South Central  Region Natural Gas Working Underground Storage (Billion Cubic Feet),1166,BCF
2024-10-04,R33,NA,EPG0,Natural Gas,SWO,Underground Storage - Working Gas,NW2_EPG0_SWO_R33_BCF,Weekly South Central  Region Natural Gas Working Underground Storage (Billion Cubic Feet),1136,BCF
2024-09-27,R33,NA,EPG0,Natural Gas,SWO,Underground Storage - Working Gas,NW2_EPG0_SWO_R33_BCF,Weekly South Central  Region Natural Gas Working Underground Storage (Billion Cubic Feet),1113,BCF
2024-09-20,R33,NA,EPG0,Natural Gas,SWO,Underground Storage - Working Gas,NW2_EPG0_SWO_R33_BCF,Weekly South Central  Region Natural Gas Working Underground Storage (Billion Cubic Feet),1113,BCF
2024-09-13,R33,NA,EPG0,Natural Gas,SWO,Underground Storage - Working Gas,NW2_EPG0_SWO_R33_BCF,Weekly South Central  Region Natural Gas Working Underground Storage (Billion Cubic Feet),1111,BCF
2024-09-06,R33,NA,EPG0,Natural Gas,SWO,Underground Storage - Working Gas,NW2_EPG0_SWO_R33_BCF,Weekly South Central  Region Natural Gas Working Underground Storage (Billion Cubic Feet),1098,BCF
2024-08-30,R33,NA,EPG0,Natural Gas,SWO,Underground Storage - Working Gas,NW2_EPG0_SWO_R33_BCF,Weekly South Central  Region Natural Gas Working Underground Storage (Billion Cubic Feet),1105,BCF
2024-08-23,R33,NA,EPG0,Natural Gas,SWO,Underground Storage - Working Gas,NW2_EPG0_SWO_R33_BCF,Weekly South Central  Region Natural Gas Working Underground Storage (Billion Cubic Feet),1119,BCF
2024-08-16,R33,NA,EPG0,Natural Gas,SWO,Underground Storage - Working Gas,NW2_EPG0_SWO_R33_BCF,Weekly South Central  Region Natural Gas Working Underground Storage (Billion Cubic Feet),1125,BCF
2024-08-09,R33,NA,EPG0,Natural Gas,SWO,Underground Storage - Working Gas,NW2_EPG0_SWO_R33_BCF,Weekly South Central  Region Natural Gas Working Underground Storage (Billion Cubic Feet),1125,BCF
2024-08-02,R33,NA,EPG0,Natural Gas,SWO,Underground Storage - Working Gas,NW2_EPG0_SWO_R33_BCF,Weekly South Central  Region Natural Gas Working Underground Storage (Billion Cubic Feet),1152,BCF
2024-07-26,R33,NA,EPG0,Natural Gas,SWO,Underground Storage - Working Gas,NW2_EPG0_SWO_R33_BCF,Weekly South Central  Region Natural Gas Working Underground Storage (Billion Cubic Feet),1157,BCF
2024-07-19,R33,NA,EPG0,Natural Gas,SWO,Underground Storage - Working Gas,NW2_EPG0_SWO_R33_BCF,Weekly South Central  Region Natural Gas Working Underground Storage (Billion Cubic Feet),1167,BCF
2024-07-12,R33,NA,EPG0,Natural Gas,SWO,Underground Storage - Working Gas,NW2_EPG0_SWO_R33_BCF,Weekly South Central  Region Natural Gas Working Underground Storage (Billion Cubic Feet),1173,BCF
2024-07-05,R33,NA,EPG0,Natural Gas,SWO,Underground Storage - Working Gas,NW2_EPG0_SWO_R33_BCF,Weekly South Central  Region Natural Gas Working Underground Storage (Billion Cubic Feet),1183,BCF
2024-06-28,R33,NA,EPG0,Natural Gas,SWO,Underground Storage - Working Gas,NW2_EPG0_SWO_R33_BCF,Weekly South Central  Region Natural Gas Working Underground Storage (Billion Cubic Feet),1174,BCF
2024-06-21,R33,NA,EPG0,Natural Gas,SWO,Underground Storage - Working Gas,NW2_EPG0_SWO_R33_BCF,Weekly South Central  Region Natural Gas Working Underground Storage (Billion Cubic Feet),1178,BCF
2024-06-14,R33,NA,EPG0,Natural Gas,SWO,Underground Storage - Working Gas,NW2_EPG0_SWO_R33_BCF,Weekly South Central  Region Natural Gas Working Underground Storage (Billion Cubic Feet),1168,BCF
2024-06-07,R33,NA,EPG0,Natural Gas,SWO,Underground Storage - Working Gas,NW2_EPG0_SWO_R33_BCF,Weekly South Central  Region Natural Gas Working Underground Storage (Billion Cubic Feet),1159,BCF
2024-05-31,R33,NA,EPG0,Natural Gas,SWO,Underground Storage - Working Gas,NW2_EPG0_SWO_R33_BCF,Weekly South Central  Region Natural Gas Working Underground Storage (Billion Cubic Feet),1146,BCF
2024-05-24,R33,NA,EPG0,Natural Gas,SWO,Underground Storage - Working Gas,NW2_EPG0_SWO_R33_BCF,Weekly South Central  Region Natural Gas Working Underground Storage (Billion Cubic Feet),1129,BCF
2024-05-17,R33,NA,EPG0,Natural Gas,SWO,Underground Storage - Working Gas,NW2_EPG0_SWO_R33_BCF,Weekly South Central  Region Natural Gas Working Underground Storage (Billion Cubic Feet),1112,BCF
2024-05-10,R33,NA,EPG0,Natural Gas,SWO,Underground Storage - Working Gas,NW2_EPG0_SWO_R33_BCF,Weekly South Central  Region Natural Gas Working Underground Storage (Billion Cubic Feet),1097,BCF
2024-05-03,R33,NA,EPG0,Natural Gas,SWO,Underground Storage - Working Gas,NW2_EPG0_SWO_R33_BCF,Weekly South Central  Region Natural Gas Working Underground Storage (Billion Cubic Feet),1087,BCF
2024-04-26,R33,NA,EPG0,Natural Gas,SWO,Underground Storage - Working Gas,NW2_EPG0_SWO_R33_BCF,Weekly South Central  Region Natural Gas Working Underground Storage (Billion Cubic Feet),1073,BCF
2024-04-19,R33,NA,EPG0,Natural Gas,SWO,Underground Storage - Working Gas,NW2_EPG0_SWO_R33_BCF,Weekly South Central  Region Natural Gas Working Underground Storage (Billion Cubic Feet),1057,BCF
2024-04-12,R33,NA,EPG0,Natural Gas,SWO,Underground Storage - Working Gas,NW2_EPG0_SWO_R33_BCF,Weekly South Central  Region Natural Gas Working Underground Storage (Billion Cubic Feet),1029,BCF
2024-04-05,R33,NA,EPG0,Natural Gas,SWO,Underground Storage - Working Gas,NW2_EPG0_SWO_R33_BCF,Weekly South Central  Region Natural Gas Working Underground Storage (Billion Cubic Feet),1014,BCF
2024-03-29,R33,NA,EPG0,Natural Gas,SWO,Underground Storage - Working Gas,NW2_EPG0_SWO_R33_BCF,Weekly South Central  Region Natural Gas Working Underground Storage (Billion Cubic Feet),996,BCF
2024-03-22,R33,NA,EPG0,Natural Gas,SWO,Underground Storage - Working Gas,NW2_EPG0_SWO_R33_BCF,Weekly South Central  Region Natural Gas Working Underground Storage (Billion Cubic Feet),991,BCF
2024-03-15,R33,NA,EPG0,Natural Gas,SWO,Underground Storage - Working Gas,NW2_EPG0_SWO_R33_BCF,Weekly South Central  Region Natural Gas Working Underground Storage (Billion Cubic Feet),993,BCF
2024-03-08,R33,NA,EPG0,Natural Gas,SWO,Underground Storage - Working Gas,NW2_EPG0_SWO_R33_BCF,Weekly South Central  Region Natural Gas Working Underground Storage (Billion Cubic Feet),972,BCF
2024-03-01,R33,NA,EPG0,Natural Gas,SWO,Underground Storage - Working Gas,NW2_EPG0_SWO_R33_BCF,Weekly South Central  Region Natural Gas Working Underground Storage (Billion Cubic Feet),949,BCF
2024-02-23,R33,NA,EPG0,Natural Gas,SWO,Underground Storage - Working Gas,NW2_EPG0_SWO_R33_BCF,Weekly South Central  Region Natural Gas Working Underground Storage (Billion Cubic Feet),935,BCF
2024-02-16,R33,NA,EPG0,Natural Gas,SWO,Underground Storage - Working Gas,NW2_EPG0_SWO_R33_BCF,Weekly South Central  Region Natural Gas Working Underground Storage (Billion Cubic Feet),944,BCF
2024-02-09,R33,NA,EPG0,Natural Gas,SWO,Underground Storage - Working Gas,NW2_EPG0_SWO_R33_BCF,Weekly South Central  Region Natural Gas Working Underground Storage (Billion Cubic Feet),936,BCF
2024-02-02,R33,NA,EPG0,Natural Gas,SWO,Underground Storage - Working Gas,NW2_EPG0_SWO_R33_BCF,Weekly South Central  Region Natural Gas Working Underground Storage (Billion Cubic Feet),916,BCF
2024-01-26,R33,NA,EPG0,Natural Gas,SWO,Underground Storage - Working Gas,NW2_EPG0_SWO_R33_BCF,Weekly South Central  Region Natural Gas Working Underground Storage (Billion Cubic Feet),919,BCF
2024-01-19,R33,NA,EPG0,Natural Gas,SWO,Underground Storage - Working Gas,NW2_EPG0_SWO_R33_BCF,Weekly South Central  Region Natural Gas Working Underground Storage (Billion Cubic Feet),990,BCF
2024-01-12,R33,NA,EPG0,Natural Gas,SWO,Underground Storage - Working Gas,NW2_EPG0_SWO_R33_BCF,Weekly South Central  Region Natural Gas Working Underground Storage (Billion Cubic Feet),1128,BCF
2024-01-05,R33,NA,EPG0,Natural Gas,SWO,Underground Storage - Working Gas,NW2_EPG0_SWO_R33_BCF,Weekly South Central  Region Natural Gas Working Underground Storage (Billion Cubic Feet),1160,BCF
2023-12-29,R33,NA,EPG0,Natural Gas,SWO,Underground Storage - Working Gas,NW2_EPG0_SWO_R33_BCF,Weekly South Central  Region Natural Gas Working Underground Storage (Billion Cubic Feet),1201,BCF
2023-12-22,R33,NA,EPG0,Natural Gas,SWO,Underground Storage - Working Gas,NW2_EPG0_SWO_R33_BCF,Weekly South Central  Region Natural Gas Working Underground Storage (Billion Cubic Feet),1187,BCF
2023-12-15,R33,NA,EPG0,Natural Gas,SWO,Underground Storage - Working Gas,NW2_EPG0_SWO_R33_BCF,Weekly South Central  Region Natural Gas Working Underground Storage (Billion Cubic Feet),1203,BCF
2023-12-08,R33,NA,EPG0,Natural Gas,SWO,Underground Storage - Working Gas,NW2_EPG0_SWO_R33_BCF,Weekly South Central  Region Natural Gas Working Underground Storage (Billion Cubic Feet),1219,BCF
2023-12-01,R33,NA,EPG0,Natural Gas,SWO,Underground Storage - Working Gas,NW2_EPG0_SWO_R33_BCF,Weekly South Central  Region Natural Gas Working Underground Storage (Billion Cubic Feet),1228,BCF
2023-11-24,R33,NA,EPG0,Natural Gas,SWO,Underground Storage - Working Gas,NW2_EPG0_SWO_R33_BCF,Weekly South Central  Region Natural Gas Working Underground Storage (Billion Cubic Feet),1260,BCF
2023-11-17,R33,NA,EPG0,Natural Gas,SWO,Underground Storage - Working Gas,NW2_EPG0_SWO_R33_BCF,Weekly South Central  Region Natural Gas Working Underground Storage (Billion Cubic Feet),1240,BCF
2023-11-10,R33,NA,EPG0,Natural Gas,SWO,Underground Storage - Working Gas,NW2_EPG0_SWO_R33_BCF,Weekly South Central  Region Natural Gas Working Underground Storage (Billion Cubic Feet),1238,BCF
2023-11-03,R33,NA,EPG0,Natural Gas,SWO,Underground Storage - Working Gas,NW2_EPG0_SWO_R33_BCF,Weekly South Central  Region Natural Gas Working Underground Storage (Billion Cubic Feet),1206,BCF
2023-10-27,R33,NA,EPG0,Natural Gas,SWO,Underground Storage - Working Gas,NW2_EPG0_SWO_R33_BCF,Weekly South Central  Region Natural Gas Working Underground Storage (Billion Cubic Feet),1214,BCF
2023-10-20,R33,NA,EPG0,Natural Gas,SWO,Underground Storage - Working Gas,NW2_EPG0_SWO_R33_BCF,Weekly South Central  Region Natural Gas Working Underground Storage (Billion Cubic Feet),1182,BCF
2023-10-13,R33,NA,EPG0,Natural Gas,SWO,Underground Storage - Working Gas,NW2_EPG0_SWO_R33_BCF,Weekly South Central  Region Natural Gas Working Underground Storage (Billion Cubic Feet),1152,BCF
2023-10-06,R33,NA,EPG0,Natural Gas,SWO,Underground Storage - Working Gas,NW2_EPG0_SWO_R33_BCF,Weekly South Central  Region Natural Gas Working Underground Storage (Billion Cubic Feet),1112,BCF
2023-09-29,R33,NA,EPG0,Natural Gas,SWO,Underground Storage - Working Gas,NW2_EPG0_SWO_R33_BCF,Weekly South Central  Region Natural Gas Working Underground Storage (Billion Cubic Feet),1090,BCF
2023-09-22,R33,NA,EPG0,Natural Gas,SWO,Underground Storage - Working Gas,NW2_EPG0_SWO_R33_BCF,Weekly South Central  Region Natural Gas Working Underground Storage (Billion Cubic Feet),1071,BCF
2023-09-15,R33,NA,EPG0,Natural Gas,SWO,Underground Storage - Working Gas,NW2_EPG0_SWO_R33_BCF,Weekly South Central  Region Natural Gas Working Underground Storage (Billion Cubic Feet),1053,BCF
2023-09-08,R33,NA,EPG0,Natural Gas,SWO,Underground Storage - Working Gas,NW2_EPG0_SWO_R33_BCF,Weekly South Central  Region Natural Gas Working Underground Storage (Billion Cubic Feet),1041,BCF
2023-09-01,R33,NA,EPG0,Natural Gas,SWO,Underground Storage - Working Gas,NW2_EPG0_SWO_R33_BCF,Weekly South Central  Region Natural Gas Working Underground Storage (Billion Cubic Feet),1035,BCF
2023-08-25,R33,NA,EPG0,Natural Gas,SWO,Underground Storage - Working Gas,NW2_EPG0_SWO_R33_BCF,Weekly South Central  Region Natural Gas Working Underground Storage (Billion Cubic Feet),1050,BCF
2023-08-18,R33,NA,EPG0,Natural Gas,SWO,Underground Storage - Working Gas,NW2_EPG0_SWO_R33_BCF,Weekly South Central  Region Natural Gas Working Underground Storage (Billion Cubic Feet),1072,BCF
2023-08-11,R33,NA,EPG0,Natural Gas,SWO,Underground Storage - Working Gas,NW2_EPG0_SWO_R33_BCF,Weekly South Central  Region Natural Gas Working Underground Storage (Billion Cubic Feet),1093,BCF
2023-08-04,R33,NA,EPG0,Natural Gas,SWO,Underground Storage - Working Gas,NW2_EPG0_SWO_R33_BCF,Weekly South Central  Region Natural Gas Working Underground Storage (Billion Cubic Feet),1108,BCF
2023-07-28,R33,NA,EPG0,Natural Gas,SWO,Underground Storage - Working Gas,NW2_EPG0_SWO_R33_BCF,Weekly South Central  Region Natural Gas Working Underground Storage (Billion Cubic Feet),1124,BCF
2023-07-21,R33,NA,EPG0,Natural Gas,SWO,Underground Storage - Working Gas,NW2_EPG0_SWO_R33_BCF,Weekly South Central  Region Natural Gas Working Underground Storage (Billion Cubic Feet),1139,BCF
2023-07-14,R33,NA,EPG0,Natural Gas,SWO,Underground Storage - Working Gas,NW2_EPG0_SWO_R33_BCF,Weekly South Central  Region Natural Gas Working Underground Storage (Billion Cubic Feet),1150,BCF
2023-07-07,R33,NA,EPG0,Natural Gas,SWO,Underground Storage - Working Gas,NW2_EPG0_SWO_R33_BCF,Weekly South Central  Region Natural Gas Working Underground Storage (Billion Cubic Feet),1147,BCF
2023-06-30,R33,NA,EPG0,Natural Gas,SWO,Underground Storage - Working Gas,NW2_EPG0_SWO_R33_BCF,Weekly South Central  Region Natural Gas Working Underground Storage (Billion Cubic Feet),1144,BCF
2023-06-23,R33,NA,EPG0,Natural Gas,SWO,Underground Storage - Working Gas,NW2_EPG0_SWO_R33_BCF,Weekly South Central  Region Natural Gas Working Underground Storage (Billion Cubic Feet),1128,BCF
2023-06-16,R33,NA,EPG0,Natural Gas,SWO,Underground Storage - Working Gas,NW2_EPG0_SWO_R33_BCF,Weekly South Central  Region Natural Gas Working Underground Storage (Billion Cubic Feet),1125,BCF
2023-06-09,R33,NA,EPG0,Natural Gas,SWO,Underground Storage - Working Gas,NW2_EPG0_SWO_R33_BCF,Weekly South Central  Region Natural Gas Working Underground Storage (Billion Cubic Feet),1105,BCF
2023-06-02,R33,NA,EPG0,Natural Gas,SWO,Underground Storage - Working Gas,NW2_EPG0_SWO_R33_BCF,Weekly South Central  Region Natural Gas Working Underground Storage (Billion Cubic Feet),1093,BCF
2023-05-26,R33,NA,EPG0,Natural Gas,SWO,Underground Storage - Working Gas,NW2_EPG0_SWO_R33_BCF,Weekly South Central  Region Natural Gas Working Underground Storage (Billion Cubic Feet),1070,BCF
2023-05-19,R33,NA,EPG0,Natural Gas,SWO,Underground Storage - Working Gas,NW2_EPG0_SWO_R33_BCF,Weekly South Central  Region Natural Gas Working Underground Storage (Billion Cubic Feet),1042,BCF
2023-05-12,R33,NA,EPG0,Natural Gas,SWO,Underground Storage - Working Gas,NW2_EPG0_SWO_R33_BCF,Weekly South Central  Region Natural Gas Working Underground Storage (Billion Cubic Feet),1023,BCF
2023-05-05,R33,NA,EPG0,Natural Gas,SWO,Underground Storage - Working Gas,NW2_EPG0_SWO_R33_BCF,Weekly South Central  Region Natural Gas Working Underground Storage (Billion Cubic Feet),1002,BCF
2023-04-28,R33,NA,EPG0,Natural Gas,SWO,Underground Storage - Working Gas,NW2_EPG0_SWO_R33_BCF,Weekly South Central  Region Natural Gas Working Underground Storage (Billion Cubic Feet),977,BCF
2023-04-21,R33,NA,EPG0,Natural Gas,SWO,Underground Storage - Working Gas,NW2_EPG0_SWO_R33_BCF,Weekly South Central  Region Natural Gas Working Underground Storage (Billion Cubic Feet),971,BCF
2023-04-14,R33,NA,EPG0,Natural Gas,SWO,Underground Storage - Working Gas,NW2_EPG0_SWO_R33_BCF,Weekly South Central  Region Natural Gas Working Underground Storage (Billion Cubic Feet),949,BCF
2023-04-07,R33,NA,EPG0,Natural Gas,SWO,Underground Storage - Working Gas,NW2_EPG0_SWO_R33_BCF,Weekly South Central  Region Natural Gas Working Underground Storage (Billion Cubic Feet),929,BCF
2023-03-31,R33,NA,EPG0,Natural Gas,SWO,Underground Storage - Working Gas,NW2_EPG0_SWO_R33_BCF,Weekly South Central  Region Natural Gas Working Underground Storage (Billion Cubic Feet),921,BCF
2023-03-24,R33,NA,EPG0,Natural Gas,SWO,Underground Storage - Working Gas,NW2_EPG0_SWO_R33_BCF,Weekly South Central  Region Natural Gas Working Underground Storage (Billion Cubic Feet),917,BCF
2023-03-17,R33,NA,EPG0,Natural Gas,SWO,Underground Storage - Working Gas,NW2_EPG0_SWO_R33_BCF,Weekly South Central  Region Natural Gas Working Underground Storage (Billion Cubic Feet),927,BCF
2023-03-10,R33,NA,EPG0,Natural Gas,SWO,Underground Storage - Working Gas,NW2_EPG0_SWO_R33_BCF,Weekly South Central  Region Natural Gas Working Underground Storage (Billion Cubic Feet),933,BCF
2023-03-03,R33,NA,EPG0,Natural Gas,SWO,Underground Storage - Working Gas,NW2_EPG0_SWO_R33_BCF,Weekly South Central  Region Natural Gas Working Underground Storage (Billion Cubic Feet),925,BCF
2023-02-24,R33,NA,EPG0,Natural Gas,SWO,Underground Storage - Working Gas,NW2_EPG0_SWO_R33_BCF,Weekly South Central  Region Natural Gas Working Underground Storage (Billion Cubic Feet),922,BCF
2023-02-17,R33,NA,EPG0,Natural Gas,SWO,Underground Storage - Working Gas,NW2_EPG0_SWO_R33_BCF,Weekly South Central  Region Natural Gas Working Underground Storage (Billion Cubic Feet),926,BCF
2023-02-10,R33,NA,EPG0,Natural Gas,SWO,Underground Storage - Working Gas,NW2_EPG0_SWO_R33_BCF,Weekly South Central  Region Natural Gas Working Underground Storage (Billion Cubic Feet),931,BCF
2023-02-03,R33,NA,EPG0,Natural Gas,SWO,Underground Storage - Working Gas,NW2_EPG0_SWO_R33_BCF,Weekly South Central  Region Natural Gas Working Underground Storage (Billion Cubic Feet),951,BCF
2023-01-27,R33,NA,EPG0,Natural Gas,SWO,Underground Storage - Working Gas,NW2_EPG0_SWO_R33_BCF,Weekly South Central  Region Natural Gas Working Underground Storage (Billion Cubic Feet),1025,BCF
2023-01-20,R33,NA,EPG0,Natural Gas,SWO,Underground Storage - Working Gas,NW2_EPG0_SWO_R33_BCF,Weekly South Central  Region Natural Gas Working Underground Storage (Billion Cubic Feet),1067,BCF
2023-01-13,R33,NA,EPG0,Natural Gas,SWO,Underground Storage - Working Gas,NW2_EPG0_SWO_R33_BCF,Weekly South Central  Region Natural Gas Working Underground Storage (Billion Cubic Feet),1069,BCF
2023-01-06,R33,NA,EPG0,Natural Gas,SWO,Underground Storage - Working Gas,NW2_EPG0_SWO_R33_BCF,Weekly South Central  Region Natural Gas Working Underground Storage (Billion Cubic Feet),1067,BCF
2022-12-30,R33,NA,EPG0,Natural Gas,SWO,Underground Storage - Working Gas,NW2_EPG0_SWO_R33_BCF,Weekly South Central  Region Natural Gas Working Underground Storage (Billion Cubic Feet),1040,BCF
2022-12-23,R33,NA,EPG0,Natural Gas,SWO,Underground Storage - Working Gas,NW2_EPG0_SWO_R33_BCF,Weekly South Central  Region Natural Gas Working Underground Storage (Billion Cubic Feet),1136,BCF
2022-12-16,R33,NA,EPG0,Natural Gas,SWO,Underground Storage - Working Gas,NW2_EPG0_SWO_R33_BCF,Weekly South Central  Region Natural Gas Working Underground Storage (Billion Cubic Feet),1199,BCF
2022-12-09,R33,NA,EPG0,Natural Gas,SWO,Underground Storage - Working Gas,NW2_EPG0_SWO_R33_BCF,Weekly South Central  Region Natural Gas Working Underground Storage (Billion Cubic Feet),1199,BCF
2022-12-02,R33,NA,EPG0,Natural Gas,SWO,Underground Storage - Working Gas,NW2_EPG0_SWO_R33_BCF,Weekly South Central  Region Natural Gas Working Underground Storage (Billion Cubic Feet),1191,BCF
2022-11-25,R33,NA,EPG0,Natural Gas,SWO,Underground Storage - Working Gas,NW2_EPG0_SWO_R33_BCF,Weekly South Central  Region Natural Gas Working Underground Storage (Billion Cubic Feet),1181,BCF
2022-11-18,R33,NA,EPG0,Natural Gas,SWO,Underground Storage - Working Gas,NW2_EPG0_SWO_R33_BCF,Weekly South Central  Region Natural Gas Working Underground Storage (Billion Cubic Feet),1200,BCF
2022-11-11,R33,NA,EPG0,Natural Gas,SWO,Underground Storage - Working Gas,NW2_EPG0_SWO_R33_BCF,Weekly South Central  Region Natural Gas Working Underground Storage (Billion Cubic Feet),1228,BCF
2022-11-04,R33,NA,EPG0,Natural Gas,SWO,Underground Storage - Working Gas,NW2_EPG0_SWO_R33_BCF,Weekly South Central  Region Natural Gas Working Underground Storage (Billion Cubic Feet),1193,BCF
2022-10-28,R33,NA,EPG0,Natural Gas,SWO,Underground Storage - Working Gas,NW2_EPG0_SWO_R33_BCF,Weekly South Central  Region Natural Gas Working Underground Storage (Billion Cubic Feet),1160,BCF
2022-10-21,R33,NA,EPG0,Natural Gas,SWO,Underground Storage - Working Gas,NW2_EPG0_SWO_R33_BCF,Weekly South Central  Region Natural Gas Working Underground Storage (Billion Cubic Feet),1116,BCF
2022-10-14,R33,NA,EPG0,Natural Gas,SWO,Underground Storage - Working Gas,NW2_EPG0_SWO_R33_BCF,Weekly South Central  Region Natural Gas Working Underground Storage (Billion Cubic Feet),1099,BCF
2022-10-07,R33,NA,EPG0,Natural Gas,SWO,Underground Storage - Working Gas,NW2_EPG0_SWO_R33_BCF,Weekly South Central  Region Natural Gas Working Underground Storage (Billion Cubic Feet),1058,BCF
2022-09-30,R33,NA,EPG0,Natural Gas,SWO,Underground Storage - Working Gas,NW2_EPG0_SWO_R33_BCF,Weekly South Central  Region Natural Gas Working Underground Storage (Billion Cubic Feet),1003,BCF
2022-09-23,R33,NA,EPG0,Natural Gas,SWO,Underground Storage - Working Gas,NW2_EPG0_SWO_R33_BCF,Weekly South Central  Region Natural Gas Working Underground Storage (Billion Cubic Feet),958,BCF
2022-09-16,R33,NA,EPG0,Natural Gas,SWO,Underground Storage - Working Gas,NW2_EPG0_SWO_R33_BCF,Weekly South Central  Region Natural Gas Working Underground Storage (Billion Cubic Feet),935,BCF
2022-09-09,R33,NA,EPG0,Natural Gas,SWO,Underground Storage - Working Gas,NW2_EPG0_SWO_R33_BCF,Weekly South Central  Region Natural Gas Working Underground Storage (Billion Cubic Feet),904,BCF
2022-09-02,R33,NA,EPG0,Natural Gas,SWO,Underground Storage - Working Gas,NW2_EPG0_SWO_R33_BCF,Weekly South Central  Region Natural Gas Working Underground Storage (Billion Cubic Feet),887,BCF
2022-08-26,R33,NA,EPG0,Natural Gas,SWO,Underground Storage - Working Gas,NW2_EPG0_SWO_R33_BCF,Weekly South Central  Region Natural Gas Working Underground Storage (Billion Cubic Feet),881,BCF
2022-08-19,R33,NA,EPG0,Natural Gas,SWO,Underground Storage - Working Gas,NW2_EPG0_SWO_R33_BCF,Weekly South Central  Region Natural Gas Working Underground Storage (Billion Cubic Feet),871,BCF
2022-08-12,R33,NA,EPG0,Natural Gas,SWO,Underground Storage - Working Gas,NW2_EPG0_SWO_R33_BCF,Weekly South Central  Region Natural Gas Working Underground Storage (Billion Cubic Feet),866,BCF
2022-08-05,R33,NA,EPG0,Natural Gas,SWO,Underground Storage - Working Gas,NW2_EPG0_SWO_R33_BCF,Weekly South Central  Region Natural Gas Working Underground Storage (Billion Cubic Feet),874,BCF
2022-07-29,R33,NA,EPG0,Natural Gas,SWO,Underground Storage - Working Gas,NW2_EPG0_SWO_R33_BCF,Weekly South Central  Region Natural Gas Working Underground Storage (Billion Cubic Feet),865,BCF
2022-07-22,R33,NA,EPG0,Natural Gas,SWO,Underground Storage - Working Gas,NW2_EPG0_SWO_R33_BCF,Weekly South Central  Region Natural Gas Working Underground Storage (Billion Cubic Feet),862,BCF
2022-07-15,R33,NA,EPG0,Natural Gas,SWO,Underground Storage - Working Gas,NW2_EPG0_SWO_R33_BCF,Weekly South Central  Region Natural Gas Working Underground Storage (Billion Cubic Feet),874,BCF
2022-07-08,R33,NA,EPG0,Natural Gas,SWO,Underground Storage - Working Gas,NW2_EPG0_SWO_R33_BCF,Weekly South Central  Region Natural Gas Working Underground Storage (Billion Cubic Feet),890,BCF
2022-07-01,R33,NA,EPG0,Natural Gas,SWO,Underground Storage - Working Gas,NW2_EPG0_SWO_R33_BCF,Weekly South Central  Region Natural Gas Working Underground Storage (Billion Cubic Feet),890,BCF
2022-06-24,R33,NA,EPG0,Natural Gas,SWO,Underground Storage - Working Gas,NW2_EPG0_SWO_R33_BCF,Weekly South Central  Region Natural Gas Working Underground Storage (Billion Cubic Feet),886,BCF
2022-06-17,R33,NA,EPG0,Natural Gas,SWO,Underground Storage - Working Gas,NW2_EPG0_SWO_R33_BCF,Weekly South Central  Region Natural Gas Working Underground Storage (Billion Cubic Feet),875,BCF
2022-06-10,R33,NA,EPG0,Natural Gas,SWO,Underground Storage - Working Gas,NW2_EPG0_SWO_R33_BCF,Weekly South Central  Region Natural Gas Working Underground Storage (Billion Cubic Feet),863,BCF
2022-06-03,R33,NA,EPG0,Natural Gas,SWO,Underground Storage - Working Gas,NW2_EPG0_SWO_R33_BCF,Weekly South Central  Region Natural Gas Working Underground Storage (Billion Cubic Feet),843,BCF
2022-05-27,R33,NA,EPG0,Natural Gas,SWO,Underground Storage - Working Gas,NW2_EPG0_SWO_R33_BCF,Weekly South Central  Region Natural Gas Working Underground Storage (Billion Cubic Feet),817,BCF
2022-05-20,R33,NA,EPG0,Natural Gas,SWO,Underground Storage - Working Gas,NW2_EPG0_SWO_R33_BCF,Weekly South Central  Region Natural Gas Working Underground Storage (Billion Cubic Feet),798,BCF
2022-05-13,R33,NA,EPG0,Natural Gas,SWO,Underground Storage - Working Gas,NW2_EPG0_SWO_R33_BCF,Weekly South Central  Region Natural Gas Working Underground Storage (Billion Cubic Feet),781,BCF
2022-05-06,R33,NA,EPG0,Natural Gas,SWO,Underground Storage - Working Gas,NW2_EPG0_SWO_R33_BCF,Weekly South Central  Region Natural Gas Working Underground Storage (Billion Cubic Feet),749,BCF
2022-04-29,R33,NA,EPG0,Natural Gas,SWO,Underground Storage - Working Gas,NW2_EPG0_SWO_R33_BCF,Weekly South Central  Region Natural Gas Working Underground Storage (Billion Cubic Feet),721,BCF
2022-04-22,R33,NA,EPG0,Natural Gas,SWO,Underground Storage - Working Gas,NW2_EPG0_SWO_R33_BCF,Weekly South Central  Region Natural Gas Working Underground Storage (Billion Cubic Feet),681,BCF
2022-04-15,R33,NA,EPG0,Natural Gas,SWO,Underground Storage - Working Gas,NW2_EPG0_SWO_R33_BCF,Weekly South Central  Region Natural Gas Working Underground Storage (Billion Cubic Feet),650,BCF
2022-04-08,R33,NA,EPG0,Natural Gas,SWO,Underground Storage - Working Gas,NW2_EPG0_SWO_R33_BCF,Weekly South Central  Region Natural Gas Working Underground Storage (Billion Cubic Feet),617,BCF
2022-04-01,R33,NA,EPG0,Natural Gas,SWO,Underground Storage - Working Gas,NW2_EPG0_SWO_R33_BCF,Weekly South Central  Region Natural Gas Working Underground Storage (Billion Cubic Feet),589,BCF
2022-03-25,R33,NA,EPG0,Natural Gas,SWO,Underground Storage - Working Gas,NW2_EPG0_SWO_R33_BCF,Weekly South Central  Region Natural Gas Working Underground Storage (Billion Cubic Feet),581,BCF
2022-03-18,R33,NA,EPG0,Natural Gas,SWO,Underground Storage - Working Gas,NW2_EPG0_SWO_R33_BCF,Weekly South Central  Region Natural Gas Working Underground Storage (Billion Cubic Feet),559,BCF
2022-03-11,R33,NA,EPG0,Natural Gas,SWO,Underground Storage - Working Gas,NW2_EPG0_SWO_R33_BCF,Weekly South Central  Region Natural Gas Working Underground Storage (Billion Cubic Feet),571,BCF
2022-03-04,R33,NA,EPG0,Natural Gas,SWO,Underground Storage - Working Gas,NW2_EPG0_SWO_R33_BCF,Weekly South Central  Region Natural Gas Working Underground Storage (Billion Cubic Feet),582,BCF
2022-02-25,R33,NA,EPG0,Natural Gas,SWO,Underground Storage - Working Gas,NW2_EPG0_SWO_R33_BCF,Weekly South Central  Region Natural Gas Working Underground Storage (Billion Cubic Feet),620,BCF
2022-02-18,R33,NA,EPG0,Natural Gas,SWO,Underground Storage - Working Gas,NW2_EPG0_SWO_R33_BCF,Weekly South Central  Region Natural Gas Working Underground Storage (Billion Cubic Feet),655,BCF
2022-02-11,R33,NA,EPG0,Natural Gas,SWO,Underground Storage - Working Gas,NW2_EPG0_SWO_R33_BCF,Weekly South Central  Region Natural Gas Working Underground Storage (Billion Cubic Feet),689,BCF
2022-02-04,R33,NA,EPG0,Natural Gas,SWO,Underground Storage - Working Gas,NW2_EPG0_SWO_R33_BCF,Weekly South Central  Region Natural Gas Working Underground Storage (Billion Cubic Feet),763,BCF
2022-01-28,R33,NA,EPG0,Natural Gas,SWO,Underground Storage - Working Gas,NW2_EPG0_SWO_R33_BCF,Weekly South Central  Region Natural Gas Working Underground Storage (Billion Cubic Feet),837,BCF
2022-01-21,R33,NA,EPG0,Natural Gas,SWO,Underground Storage - Working Gas,NW2_EPG0_SWO_R33_BCF,Weekly South Central  Region Natural Gas Working Underground Storage (Billion Cubic Feet),938,BCF
2022-01-14,R33,NA,EPG0,Natural Gas,SWO,Underground Storage - Working Gas,NW2_EPG0_SWO_R33_BCF,Weekly South Central  Region Natural Gas Working Underground Storage (Billion Cubic Feet),1019,BCF
2022-01-07,R33,NA,EPG0,Natural Gas,SWO,Underground Storage - Working Gas,NW2_EPG0_SWO_R33_BCF,Weekly South Central  Region Natural Gas Working Underground Storage (Billion Cubic Feet),1088,BCF
2021-12-31,R33,NA,EPG0,Natural Gas,SWO,Underground Storage - Working Gas,NW2_EPG0_SWO_R33_BCF,Weekly South Central  Region Natural Gas Working Underground Storage (Billion Cubic Feet),1143,BCF
2021-12-24,R33,NA,EPG0,Natural Gas,SWO,Underground Storage - Working Gas,NW2_EPG0_SWO_R33_BCF,Weekly South Central  Region Natural Gas Working Underground Storage (Billion Cubic Feet),1116,BCF
2021-12-17,R33,NA,EPG0,Natural Gas,SWO,Underground Storage - Working Gas,NW2_EPG0_SWO_R33_BCF,Weekly South Central  Region Natural Gas Working Underground Storage (Billion Cubic Feet),1155,BCF
2021-12-10,R33,NA,EPG0,Natural Gas,SWO,Underground Storage - Working Gas,NW2_EPG0_SWO_R33_BCF,Weekly South Central  Region Natural Gas Working Underground Storage (Billion Cubic Feet),1158,BCF
2021-12-03,R33,NA,EPG0,Natural Gas,SWO,Underground Storage - Working Gas,NW2_EPG0_SWO_R33_BCF,Weekly South Central  Region Natural Gas Working Underground Storage (Billion Cubic Feet),1171,BCF
2021-11-26,R33,NA,EPG0,Natural Gas,SWO,Underground Storage - Working Gas,NW2_EPG0_SWO_R33_BCF,Weekly South Central  Region Natural Gas Working Underground Storage (Billion Cubic Feet),1185,BCF
2021-11-19,R33,NA,EPG0,Natural Gas,SWO,Underground Storage - Working Gas,NW2_EPG0_SWO_R33_BCF,Weekly South Central  Region Natural Gas Working Underground Storage (Billion Cubic Feet),1197,BCF
2021-11-12,R33,NA,EPG0,Natural Gas,SWO,Underground Storage - Working Gas,NW2_EPG0_SWO_R33_BCF,Weekly South Central  Region Natural Gas Working Underground Storage (Billion Cubic Feet),1191,BCF
2021-11-05,R33,NA,EPG0,Natural Gas,SWO,Underground Storage - Working Gas,NW2_EPG0_SWO_R33_BCF,Weekly South Central  Region Natural Gas Working Underground Storage (Billion Cubic Feet),1175,BCF
2021-10-29,R33,NA,EPG0,Natural Gas,SWO,Underground Storage - Working Gas,NW2_EPG0_SWO_R33_BCF,Weekly South Central  Region Natural Gas Working Underground Storage (Billion Cubic Feet),1172,BCF
2021-10-22,R33,NA,EPG0,Natural Gas,SWO,Underground Storage - Working Gas,NW2_EPG0_SWO_R33_BCF,Weekly South Central  Region Natural Gas Working Underground Storage (Billion Cubic Feet),1144,BCF
2021-10-15,R33,NA,EPG0,Natural Gas,SWO,Underground Storage - Working Gas,NW2_EPG0_SWO_R33_BCF,Weekly South Central  Region Natural Gas Working Underground Storage (Billion Cubic Feet),1108,BCF
2021-10-08,R33,NA,EPG0,Natural Gas,SWO,Underground Storage - Working Gas,NW2_EPG0_SWO_R33_BCF,Weekly South Central  Region Natural Gas Working Underground Storage (Billion Cubic Feet),1079,BCF
2021-10-01,R33,NA,EPG0,Natural Gas,SWO,Underground Storage - Working Gas,NW2_EPG0_SWO_R33_BCF,Weekly South Central  Region Natural Gas Working Underground Storage (Billion Cubic Feet),1054,BCF
2021-09-24,R33,NA,EPG0,Natural Gas,SWO,Underground Storage - Working Gas,NW2_EPG0_SWO_R33_BCF,Weekly South Central  Region Natural Gas Working Underground Storage (Billion Cubic Feet),1013,BCF
2021-09-17,R33,NA,EPG0,Natural Gas,SWO,Underground Storage - Working Gas,NW2_EPG0_SWO_R33_BCF,Weekly South Central  Region Natural Gas Working Underground Storage (Billion Cubic Feet),990,BCF
2021-09-10,R33,NA,EPG0,Natural Gas,SWO,Underground Storage - Working Gas,NW2_EPG0_SWO_R33_BCF,Weekly South Central  Region Natural Gas Working Underground Storage (Billion Cubic Feet),965,BCF
2021-09-03,R33,NA,EPG0,Natural Gas,SWO,Underground Storage - Working Gas,NW2_EPG0_SWO_R33_BCF,Weekly South Central  Region Natural Gas Working Underground Storage (Billion Cubic Feet),943,BCF
2021-08-27,R33,NA,EPG0,Natural Gas,SWO,Underground Storage - Working Gas,NW2_EPG0_SWO_R33_BCF,Weekly South Central  Region Natural Gas Working Underground Storage (Billion Cubic Feet),948,BCF
2021-08-20,R33,NA,EPG0,Natural Gas,SWO,Underground Storage - Working Gas,NW2_EPG0_SWO_R33_BCF,Weekly South Central  Region Natural Gas Working Underground Storage (Billion Cubic Feet),970,BCF
2021-08-13,R33,NA,EPG0,Natural Gas,SWO,Underground Storage - Working Gas,NW2_EPG0_SWO_R33_BCF,Weekly South Central  Region Natural Gas Working Underground Storage (Billion Cubic Feet),984,BCF
2021-08-06,R33,NA,EPG0,Natural Gas,SWO,Underground Storage - Working Gas,NW2_EPG0_SWO_R33_BCF,Weekly South Central  Region Natural Gas Working Underground Storage (Billion Cubic Feet),979,BCF
2021-07-30,R33,NA,EPG0,Natural Gas,SWO,Underground Storage - Working Gas,NW2_EPG0_SWO_R33_BCF,Weekly South Central  Region Natural Gas Working Underground Storage (Billion Cubic Feet),976,BCF
2021-07-23,R33,NA,EPG0,Natural Gas,SWO,Underground Storage - Working Gas,NW2_EPG0_SWO_R33_BCF,Weekly South Central  Region Natural Gas Working Underground Storage (Billion Cubic Feet),999,BCF
2021-07-16,R33,NA,EPG0,Natural Gas,SWO,Underground Storage - Working Gas,NW2_EPG0_SWO_R33_BCF,Weekly South Central  Region Natural Gas Working Underground Storage (Billion Cubic Feet),1002,BCF
2021-07-09,R33,NA,EPG0,Natural Gas,SWO,Underground Storage - Working Gas,NW2_EPG0_SWO_R33_BCF,Weekly South Central  Region Natural Gas Working Underground Storage (Billion Cubic Feet),995,BCF
2021-07-02,R33,NA,EPG0,Natural Gas,SWO,Underground Storage - Working Gas,NW2_EPG0_SWO_R33_BCF,Weekly South Central  Region Natural Gas Working Underground Storage (Billion Cubic Feet),991,BCF
2021-06-25,R33,NA,EPG0,Natural Gas,SWO,Underground Storage - Working Gas,NW2_EPG0_SWO_R33_BCF,Weekly South Central  Region Natural Gas Working Underground Storage (Billion Cubic Feet),1005,BCF
2021-06-18,R33,NA,EPG0,Natural Gas,SWO,Underground Storage - Working Gas,NW2_EPG0_SWO_R33_BCF,Weekly South Central  Region Natural Gas Working Underground Storage (Billion Cubic Feet),991,BCF
2021-06-11,R33,NA,EPG0,Natural Gas,SWO,Underground Storage - Working Gas,NW2_EPG0_SWO_R33_BCF,Weekly South Central  Region Natural Gas Working Underground Storage (Billion Cubic Feet),995,BCF
2021-06-04,R33,NA,EPG0,Natural Gas,SWO,Underground Storage - Working Gas,NW2_EPG0_SWO_R33_BCF,Weekly South Central  Region Natural Gas Working Underground Storage (Billion Cubic Feet),983,BCF
2021-05-28,R33,NA,EPG0,Natural Gas,SWO,Underground Storage - Working Gas,NW2_EPG0_SWO_R33_BCF,Weekly South Central  Region Natural Gas Working Underground Storage (Billion Cubic Feet),959,BCF
2021-05-21,R33,NA,EPG0,Natural Gas,SWO,Underground Storage - Working Gas,NW2_EPG0_SWO_R33_BCF,Weekly South Central  Region Natural Gas Working Underground Storage (Billion Cubic Feet),931,BCF
2021-05-14,R33,NA,EPG0,Natural Gas,SWO,Underground Storage - Working Gas,NW2_EPG0_SWO_R33_BCF,Weekly South Central  Region Natural Gas Working Underground Storage (Billion Cubic Feet),888,BCF
2021-05-07,R33,NA,EPG0,Natural Gas,SWO,Underground Storage - Working Gas,NW2_EPG0_SWO_R33_BCF,Weekly South Central  Region Natural Gas Working Underground Storage (Billion Cubic Feet),857,BCF
2021-04-30,R33,NA,EPG0,Natural Gas,SWO,Underground Storage - Working Gas,NW2_EPG0_SWO_R33_BCF,Weekly South Central  Region Natural Gas Working Underground Storage (Billion Cubic Feet),836,BCF
2021-04-23,R33,NA,EPG0,Natural Gas,SWO,Underground Storage - Working Gas,NW2_EPG0_SWO_R33_BCF,Weekly South Central  Region Natural Gas Working Underground Storage (Billion Cubic Feet),816,BCF
2021-04-16,R33,NA,EPG0,Natural Gas,SWO,Underground Storage - Working Gas,NW2_EPG0_SWO_R33_BCF,Weekly South Central  Region Natural Gas Working Underground Storage (Billion Cubic Feet),810,BCF
2021-04-09,R33,NA,EPG0,Natural Gas,SWO,Underground Storage - Working Gas,NW2_EPG0_SWO_R33_BCF,Weekly South Central  Region Natural Gas Working Underground Storage (Billion Cubic Feet),798,BCF
2021-04-02,R33,NA,EPG0,Natural Gas,SWO,Underground Storage - Working Gas,NW2_EPG0_SWO_R33_BCF,Weekly South Central  Region Natural Gas Working Underground Storage (Billion Cubic Feet),768,BCF
2021-03-26,R33,NA,EPG0,Natural Gas,SWO,Underground Storage - Working Gas,NW2_EPG0_SWO_R33_BCF,Weekly South Central  Region Natural Gas Working Underground Storage (Billion Cubic Feet),749,BCF
2021-03-19,R33,NA,EPG0,Natural Gas,SWO,Underground Storage - Working Gas,NW2_EPG0_SWO_R33_BCF,Weekly South Central  Region Natural Gas Working Underground Storage (Billion Cubic Feet),734,BCF
2021-03-12,R33,NA,EPG0,Natural Gas,SWO,Underground Storage - Working Gas,NW2_EPG0_SWO_R33_BCF,Weekly South Central  Region Natural Gas Working Underground Storage (Billion Cubic Feet),715,BCF
2021-03-05,R33,NA,EPG0,Natural Gas,SWO,Underground Storage - Working Gas,NW2_EPG0_SWO_R33_BCF,Weekly South Central  Region Natural Gas Working Underground Storage (Billion Cubic Feet),685,BCF
2021-02-26,R33,NA,EPG0,Natural Gas,SWO,Underground Storage - Working Gas,NW2_EPG0_SWO_R33_BCF,Weekly South Central  Region Natural Gas Working Underground Storage (Billion Cubic Feet),670,BCF
2021-02-19,R33,NA,EPG0,Natural Gas,SWO,Underground Storage - Working Gas,NW2_EPG0_SWO_R33_BCF,Weekly South Central  Region Natural Gas Working Underground Storage (Billion Cubic Feet),670,BCF
2021-02-12,R33,NA,EPG0,Natural Gas,SWO,Underground Storage - Working Gas,NW2_EPG0_SWO_R33_BCF,Weekly South Central  Region Natural Gas Working Underground Storage (Billion Cubic Feet),826,BCF
2021-02-05,R33,NA,EPG0,Natural Gas,SWO,Underground Storage - Working Gas,NW2_EPG0_SWO_R33_BCF,Weekly South Central  Region Natural Gas Working Underground Storage (Billion Cubic Feet),915,BCF
2021-01-29,R33,NA,EPG0,Natural Gas,SWO,Underground Storage - Working Gas,NW2_EPG0_SWO_R33_BCF,Weekly South Central  Region Natural Gas Working Underground Storage (Billion Cubic Feet),970,BCF
2021-01-22,R33,NA,EPG0,Natural Gas,SWO,Underground Storage - Working Gas,NW2_EPG0_SWO_R33_BCF,Weekly South Central  Region Natural Gas Working Underground Storage (Billion Cubic Feet),1014,BCF
2021-01-15,R33,NA,EPG0,Natural Gas,SWO,Underground Storage - Working Gas,NW2_EPG0_SWO_R33_BCF,Weekly South Central  Region Natural Gas Working Underground Storage (Billion Cubic Feet),1051,BCF
2021-01-08,R33,NA,EPG0,Natural Gas,SWO,Underground Storage - Working Gas,NW2_EPG0_SWO_R33_BCF,Weekly South Central  Region Natural Gas Working Underground Storage (Billion Cubic Feet),1126,BCF
2021-01-01,R33,NA,EPG0,Natural Gas,SWO,Underground Storage - Working Gas,NW2_EPG0_SWO_R33_BCF,Weekly South Central  Region Natural Gas Working Underground Storage (Billion Cubic Feet),1163,BCF
2020-12-25,R33,NA,EPG0,Natural Gas,SWO,Underground Storage - Working Gas,NW2_EPG0_SWO_R33_BCF,Weekly South Central  Region Natural Gas Working Underground Storage (Billion Cubic Feet),1183,BCF
2020-12-18,R33,NA,EPG0,Natural Gas,SWO,Underground Storage - Working Gas,NW2_EPG0_SWO_R33_BCF,Weekly South Central  Region Natural Gas Working Underground Storage (Billion Cubic Feet),1207,BCF
2020-12-11,R33,NA,EPG0,Natural Gas,SWO,Underground Storage - Working Gas,NW2_EPG0_SWO_R33_BCF,Weekly South Central  Region Natural Gas Working Underground Storage (Billion Cubic Feet),1256,BCF
2020-12-04,R33,NA,EPG0,Natural Gas,SWO,Underground Storage - Working Gas,NW2_EPG0_SWO_R33_BCF,Weekly South Central  Region Natural Gas Working Underground Storage (Billion Cubic Feet),1294,BCF
2020-11-27,R33,NA,EPG0,Natural Gas,SWO,Underground Storage - Working Gas,NW2_EPG0_SWO_R33_BCF,Weekly South Central  Region Natural Gas Working Underground Storage (Billion Cubic Feet),1326,BCF
2020-11-20,R33,NA,EPG0,Natural Gas,SWO,Underground Storage - Working Gas,NW2_EPG0_SWO_R33_BCF,Weekly South Central  Region Natural Gas Working Underground Storage (Billion Cubic Feet),1312,BCF
2020-11-13,R33,NA,EPG0,Natural Gas,SWO,Underground Storage - Working Gas,NW2_EPG0_SWO_R33_BCF,Weekly South Central  Region Natural Gas Working Underground Storage (Billion Cubic Feet),1306,BCF
2020-11-06,R33,NA,EPG0,Natural Gas,SWO,Underground Storage - Working Gas,NW2_EPG0_SWO_R33_BCF,Weekly South Central  Region Natural Gas Working Underground Storage (Billion Cubic Feet),1293,BCF
2020-10-30,R33,NA,EPG0,Natural Gas,SWO,Underground Storage - Working Gas,NW2_EPG0_SWO_R33_BCF,Weekly South Central  Region Natural Gas Working Underground Storage (Billion Cubic Feet),1293,BCF
2020-10-23,R33,NA,EPG0,Natural Gas,SWO,Underground Storage - Working Gas,NW2_EPG0_SWO_R33_BCF,Weekly South Central  Region Natural Gas Working Underground Storage (Billion Cubic Feet),1329,BCF
2020-10-16,R33,NA,EPG0,Natural Gas,SWO,Underground Storage - Working Gas,NW2_EPG0_SWO_R33_BCF,Weekly South Central  Region Natural Gas Working Underground Storage (Billion Cubic Feet),1329,BCF
2020-10-09,R33,NA,EPG0,Natural Gas,SWO,Underground Storage - Working Gas,NW2_EPG0_SWO_R33_BCF,Weekly South Central  Region Natural Gas Working Underground Storage (Billion Cubic Feet),1326,BCF
2020-10-02,R33,NA,EPG0,Natural Gas,SWO,Underground Storage - Working Gas,NW2_EPG0_SWO_R33_BCF,Weekly South Central  Region Natural Gas Working Underground Storage (Billion Cubic Feet),1322,BCF
2020-09-25,R33,NA,EPG0,Natural Gas,SWO,Underground Storage - Working Gas,NW2_EPG0_SWO_R33_BCF,Weekly South Central  Region Natural Gas Working Underground Storage (Billion Cubic Feet),1304,BCF
2020-09-18,R33,NA,EPG0,Natural Gas,SWO,Underground Storage - Working Gas,NW2_EPG0_SWO_R33_BCF,Weekly South Central  Region Natural Gas Working Underground Storage (Billion Cubic Feet),1283,BCF
2020-09-11,R33,NA,EPG0,Natural Gas,SWO,Underground Storage - Working Gas,NW2_EPG0_SWO_R33_BCF,Weekly South Central  Region Natural Gas Working Underground Storage (Billion Cubic Feet),1276,BCF
2020-09-04,R33,NA,EPG0,Natural Gas,SWO,Underground Storage - Working Gas,NW2_EPG0_SWO_R33_BCF,Weekly South Central  Region Natural Gas Working Underground Storage (Billion Cubic Feet),1243,BCF
2020-08-28,R33,NA,EPG0,Natural Gas,SWO,Underground Storage - Working Gas,NW2_EPG0_SWO_R33_BCF,Weekly South Central  Region Natural Gas Working Underground Storage (Billion Cubic Feet),1225,BCF
2020-08-21,R33,NA,EPG0,Natural Gas,SWO,Underground Storage - Working Gas,NW2_EPG0_SWO_R33_BCF,Weekly South Central  Region Natural Gas Working Underground Storage (Billion Cubic Feet),1223,BCF
2020-08-14,R33,NA,EPG0,Natural Gas,SWO,Underground Storage - Working Gas,NW2_EPG0_SWO_R33_BCF,Weekly South Central  Region Natural Gas Working Underground Storage (Billion Cubic Feet),1223,BCF
2020-08-07,R33,NA,EPG0,Natural Gas,SWO,Underground Storage - Working Gas,NW2_EPG0_SWO_R33_BCF,Weekly South Central  Region Natural Gas Working Underground Storage (Billion Cubic Feet),1219,BCF
2020-07-31,R33,NA,EPG0,Natural Gas,SWO,Underground Storage - Working Gas,NW2_EPG0_SWO_R33_BCF,Weekly South Central  Region Natural Gas Working Underground Storage (Billion Cubic Feet),1214,BCF
2020-07-24,R33,NA,EPG0,Natural Gas,SWO,Underground Storage - Working Gas,NW2_EPG0_SWO_R33_BCF,Weekly South Central  Region Natural Gas Working Underground Storage (Billion Cubic Feet),1211,BCF
2020-07-17,R33,NA,EPG0,Natural Gas,SWO,Underground Storage - Working Gas,NW2_EPG0_SWO_R33_BCF,Weekly South Central  Region Natural Gas Working Underground Storage (Billion Cubic Feet),1221,BCF
2020-07-10,R33,NA,EPG0,Natural Gas,SWO,Underground Storage - Working Gas,NW2_EPG0_SWO_R33_BCF,Weekly South Central  Region Natural Gas Working Underground Storage (Billion Cubic Feet),1228,BCF
2020-07-03,R33,NA,EPG0,Natural Gas,SWO,Underground Storage - Working Gas,NW2_EPG0_SWO_R33_BCF,Weekly South Central  Region Natural Gas Working Underground Storage (Billion Cubic Feet),1226,BCF
2020-06-26,R33,NA,EPG0,Natural Gas,SWO,Underground Storage - Working Gas,NW2_EPG0_SWO_R33_BCF,Weekly South Central  Region Natural Gas Working Underground Storage (Billion Cubic Feet),1222,BCF
2020-06-19,R33,NA,EPG0,Natural Gas,SWO,Underground Storage - Working Gas,NW2_EPG0_SWO_R33_BCF,Weekly South Central  Region Natural Gas Working Underground Storage (Billion Cubic Feet),1212,BCF
2020-06-12,R33,NA,EPG0,Natural Gas,SWO,Underground Storage - Working Gas,NW2_EPG0_SWO_R33_BCF,Weekly South Central  Region Natural Gas Working Underground Storage (Billion Cubic Feet),1173,BCF
2020-06-05,R33,NA,EPG0,Natural Gas,SWO,Underground Storage - Working Gas,NW2_EPG0_SWO_R33_BCF,Weekly South Central  Region Natural Gas Working Underground Storage (Billion Cubic Feet),1153,BCF
2020-05-29,R33,NA,EPG0,Natural Gas,SWO,Underground Storage - Working Gas,NW2_EPG0_SWO_R33_BCF,Weekly South Central  Region Natural Gas Working Underground Storage (Billion Cubic Feet),1131,BCF
2020-05-22,R33,NA,EPG0,Natural Gas,SWO,Underground Storage - Working Gas,NW2_EPG0_SWO_R33_BCF,Weekly South Central  Region Natural Gas Working Underground Storage (Billion Cubic Feet),1105,BCF
2020-05-15,R33,NA,EPG0,Natural Gas,SWO,Underground Storage - Working Gas,NW2_EPG0_SWO_R33_BCF,Weekly South Central  Region Natural Gas Working Underground Storage (Billion Cubic Feet),1081,BCF
2020-05-08,R33,NA,EPG0,Natural Gas,SWO,Underground Storage - Working Gas,NW2_EPG0_SWO_R33_BCF,Weekly South Central  Region Natural Gas Working Underground Storage (Billion Cubic Feet),1059,BCF
2020-05-01,R33,NA,EPG0,Natural Gas,SWO,Underground Storage - Working Gas,NW2_EPG0_SWO_R33_BCF,Weekly South Central  Region Natural Gas Working Underground Storage (Billion Cubic Feet),1027,BCF
2020-04-24,R33,NA,EPG0,Natural Gas,SWO,Underground Storage - Working Gas,NW2_EPG0_SWO_R33_BCF,Weekly South Central  Region Natural Gas Working Underground Storage (Billion Cubic Feet),979,BCF
2020-04-17,R33,NA,EPG0,Natural Gas,SWO,Underground Storage - Working Gas,NW2_EPG0_SWO_R33_BCF,Weekly South Central  Region Natural Gas Working Underground Storage (Billion Cubic Feet),941,BCF
2020-04-10,R33,NA,EPG0,Natural Gas,SWO,Underground Storage - Working Gas,NW2_EPG0_SWO_R33_BCF,Weekly South Central  Region Natural Gas Working Underground Storage (Billion Cubic Feet),912,BCF
2020-04-03,R33,NA,EPG0,Natural Gas,SWO,Underground Storage - Working Gas,NW2_EPG0_SWO_R33_BCF,Weekly South Central  Region Natural Gas Working Underground Storage (Billion Cubic Feet),872,BCF
2020-03-27,R33,NA,EPG0,Natural Gas,SWO,Underground Storage - Working Gas,NW2_EPG0_SWO_R33_BCF,Weekly South Central  Region Natural Gas Working Underground Storage (Billion Cubic Feet),840,BCF
2020-03-20,R33,NA,EPG0,Natural Gas,SWO,Underground Storage - Working Gas,NW2_EPG0_SWO_R33_BCF,Weekly South Central  Region Natural Gas Working Underground Storage (Billion Cubic Feet),829,BCF
2020-03-13,R33,NA,EPG0,Natural Gas,SWO,Underground Storage - Working Gas,NW2_EPG0_SWO_R33_BCF,Weekly South Central  Region Natural Gas Working Underground Storage (Billion Cubic Feet),814,BCF
2020-03-06,R33,NA,EPG0,Natural Gas,SWO,Underground Storage - Working Gas,NW2_EPG0_SWO_R33_BCF,Weekly South Central  Region Natural Gas Working Underground Storage (Billion Cubic Feet),791,BCF
2020-02-28,R33,NA,EPG0,Natural Gas,SWO,Underground Storage - Working Gas,NW2_EPG0_SWO_R33_BCF,Weekly South Central  Region Natural Gas Working Underground Storage (Billion Cubic Feet),784,BCF
2020-02-21,R33,NA,EPG0,Natural Gas,SWO,Underground Storage - Working Gas,NW2_EPG0_SWO_R33_BCF,Weekly South Central  Region Natural Gas Working Underground Storage (Billion Cubic Feet),821,BCF
2020-02-14,R33,NA,EPG0,Natural Gas,SWO,Underground Storage - Working Gas,NW2_EPG0_SWO_R33_BCF,Weekly South Central  Region Natural Gas Working Underground Storage (Billion Cubic Feet),861,BCF
2020-02-07,R33,NA,EPG0,Natural Gas,SWO,Underground Storage - Working Gas,NW2_EPG0_SWO_R33_BCF,Weekly South Central  Region Natural Gas Working Underground Storage (Billion Cubic Feet),903,BCF
2020-01-31,R33,NA,EPG0,Natural Gas,SWO,Underground Storage - Working Gas,NW2_EPG0_SWO_R33_BCF,Weekly South Central  Region Natural Gas Working Underground Storage (Billion Cubic Feet),941,BCF
2020-01-24,R33,NA,EPG0,Natural Gas,SWO,Underground Storage - Working Gas,NW2_EPG0_SWO_R33_BCF,Weekly South Central  Region Natural Gas Working Underground Storage (Billion Cubic Feet),995,BCF
2020-01-17,R33,NA,EPG0,Natural Gas,SWO,Underground Storage - Working Gas,NW2_EPG0_SWO_R33_BCF,Weekly South Central  Region Natural Gas Working Underground Storage (Billion Cubic Feet),1065,BCF
2020-01-10,R33,NA,EPG0,Natural Gas,SWO,Underground Storage - Working Gas,NW2_EPG0_SWO_R33_BCF,Weekly South Central  Region Natural Gas Working Underground Storage (Billion Cubic Feet),1076,BCF
2020-01-03,R33,NA,EPG0,Natural Gas,SWO,Underground Storage - Working Gas,NW2_EPG0_SWO_R33_BCF,Weekly South Central  Region Natural Gas Working Underground Storage (Billion Cubic Feet),1097,BCF
2019-12-27,R33,NA,EPG0,Natural Gas,SWO,Underground Storage - Working Gas,NW2_EPG0_SWO_R33_BCF,Weekly South Central  Region Natural Gas Working Underground Storage (Billion Cubic Feet),1093,BCF
2019-12-20,R33,NA,EPG0,Natural Gas,SWO,Underground Storage - Working Gas,NW2_EPG0_SWO_R33_BCF,Weekly South Central  Region Natural Gas Working Underground Storage (Billion Cubic Feet),1094,BCF
2019-12-13,R33,NA,EPG0,Natural Gas,SWO,Underground Storage - Working Gas,NW2_EPG0_SWO_R33_BCF,Weekly South Central  Region Natural Gas Working Underground Storage (Billion Cubic Feet),1142,BCF
2019-12-06,R33,NA,EPG0,Natural Gas,SWO,Underground Storage - Working Gas,NW2_EPG0_SWO_R33_BCF,Weekly South Central  Region Natural Gas Working Underground Storage (Billion Cubic Feet),1168,BCF
2019-11-29,R33,NA,EPG0,Natural Gas,SWO,Underground Storage - Working Gas,NW2_EPG0_SWO_R33_BCF,Weekly South Central  Region Natural Gas Working Underground Storage (Billion Cubic Feet),1174,BCF
2019-11-22,R33,NA,EPG0,Natural Gas,SWO,Underground Storage - Working Gas,NW2_EPG0_SWO_R33_BCF,Weekly South Central  Region Natural Gas Working Underground Storage (Billion Cubic Feet),1166,BCF
2019-11-15,R33,NA,EPG0,Natural Gas,SWO,Underground Storage - Working Gas,NW2_EPG0_SWO_R33_BCF,Weekly South Central  Region Natural Gas Working Underground Storage (Billion Cubic Feet),1164,BCF
2019-11-08,R33,NA,EPG0,Natural Gas,SWO,Underground Storage - Working Gas,NW2_EPG0_SWO_R33_BCF,Weekly South Central  Region Natural Gas Working Underground Storage (Billion Cubic Feet),1197,BCF
2019-11-01,R33,NA,EPG0,Natural Gas,SWO,Underground Storage - Working Gas,NW2_EPG0_SWO_R33_BCF,Weekly South Central  Region Natural Gas Working Underground Storage (Billion Cubic Feet),1189,BCF
2019-10-25,R33,NA,EPG0,Natural Gas,SWO,Underground Storage - Working Gas,NW2_EPG0_SWO_R33_BCF,Weekly South Central  Region Natural Gas Working Underground Storage (Billion Cubic Feet),1178,BCF
2019-10-18,R33,NA,EPG0,Natural Gas,SWO,Underground Storage - Working Gas,NW2_EPG0_SWO_R33_BCF,Weekly South Central  Region Natural Gas Working Underground Storage (Billion Cubic Feet),1134,BCF
2019-10-11,R33,NA,EPG0,Natural Gas,SWO,Underground Storage - Working Gas,NW2_EPG0_SWO_R33_BCF,Weekly South Central  Region Natural Gas Working Underground Storage (Billion Cubic Feet),1093,BCF
2019-10-04,R33,NA,EPG0,Natural Gas,SWO,Underground Storage - Working Gas,NW2_EPG0_SWO_R33_BCF,Weekly South Central  Region Natural Gas Working Underground Storage (Billion Cubic Feet),1054,BCF
2019-09-27,R33,NA,EPG0,Natural Gas,SWO,Underground Storage - Working Gas,NW2_EPG0_SWO_R33_BCF,Weekly South Central  Region Natural Gas Working Underground Storage (Billion Cubic Feet),1029,BCF
2019-09-20,R33,NA,EPG0,Natural Gas,SWO,Underground Storage - Working Gas,NW2_EPG0_SWO_R33_BCF,Weekly South Central  Region Natural Gas Working Underground Storage (Billion Cubic Feet),998,BCF
2019-09-13,R33,NA,EPG0,Natural Gas,SWO,Underground Storage - Working Gas,NW2_EPG0_SWO_R33_BCF,Weekly South Central  Region Natural Gas Working Underground Storage (Billion Cubic Feet),974,BCF
2019-09-06,R33,NA,EPG0,Natural Gas,SWO,Underground Storage - Working Gas,NW2_EPG0_SWO_R33_BCF,Weekly South Central  Region Natural Gas Working Underground Storage (Billion Cubic Feet),958,BCF
2019-08-30,R33,NA,EPG0,Natural Gas,SWO,Underground Storage - Working Gas,NW2_EPG0_SWO_R33_BCF,Weekly South Central  Region Natural Gas Working Underground Storage (Billion Cubic Feet),947,BCF
2019-08-23,R33,NA,EPG0,Natural Gas,SWO,Underground Storage - Working Gas,NW2_EPG0_SWO_R33_BCF,Weekly South Central  Region Natural Gas Working Underground Storage (Billion Cubic Feet),934,BCF
2019-08-16,R33,NA,EPG0,Natural Gas,SWO,Underground Storage - Working Gas,NW2_EPG0_SWO_R33_BCF,Weekly South Central  Region Natural Gas Working Underground Storage (Billion Cubic Feet),935,BCF
2019-08-09,R33,NA,EPG0,Natural Gas,SWO,Underground Storage - Working Gas,NW2_EPG0_SWO_R33_BCF,Weekly South Central  Region Natural Gas Working Underground Storage (Billion Cubic Feet),939,BCF
2019-08-02,R33,NA,EPG0,Natural Gas,SWO,Underground Storage - Working Gas,NW2_EPG0_SWO_R33_BCF,Weekly South Central  Region Natural Gas Working Underground Storage (Billion Cubic Feet),941,BCF
2019-07-26,R33,NA,EPG0,Natural Gas,SWO,Underground Storage - Working Gas,NW2_EPG0_SWO_R33_BCF,Weekly South Central  Region Natural Gas Working Underground Storage (Billion Cubic Feet),934,BCF
2019-07-19,R33,NA,EPG0,Natural Gas,SWO,Underground Storage - Working Gas,NW2_EPG0_SWO_R33_BCF,Weekly South Central  Region Natural Gas Working Underground Storage (Billion Cubic Feet),921,BCF
2019-07-12,R33,NA,EPG0,Natural Gas,SWO,Underground Storage - Working Gas,NW2_EPG0_SWO_R33_BCF,Weekly South Central  Region Natural Gas Working Underground Storage (Billion Cubic Feet),929,BCF
2019-07-05,R33,NA,EPG0,Natural Gas,SWO,Underground Storage - Working Gas,NW2_EPG0_SWO_R33_BCF,Weekly South Central  Region Natural Gas Working Underground Storage (Billion Cubic Feet),927,BCF
2019-06-28,R33,NA,EPG0,Natural Gas,SWO,Underground Storage - Working Gas,NW2_EPG0_SWO_R33_BCF,Weekly South Central  Region Natural Gas Working Underground Storage (Billion Cubic Feet),907,BCF
2019-06-21,R33,NA,EPG0,Natural Gas,SWO,Underground Storage - Working Gas,NW2_EPG0_SWO_R33_BCF,Weekly South Central  Region Natural Gas Working Underground Storage (Billion Cubic Feet),893,BCF
2019-06-14,R33,NA,EPG0,Natural Gas,SWO,Underground Storage - Working Gas,NW2_EPG0_SWO_R33_BCF,Weekly South Central  Region Natural Gas Working Underground Storage (Billion Cubic Feet),875,BCF
2019-06-07,R33,NA,EPG0,Natural Gas,SWO,Underground Storage - Working Gas,NW2_EPG0_SWO_R33_BCF,Weekly South Central  Region Natural Gas Working Underground Storage (Billion Cubic Feet),842,BCF
2019-05-31,R33,NA,EPG0,Natural Gas,SWO,Underground Storage - Working Gas,NW2_EPG0_SWO_R33_BCF,Weekly South Central  Region Natural Gas Working Underground Storage (Billion Cubic Feet),821,BCF
2019-05-24,R33,NA,EPG0,Natural Gas,SWO,Underground Storage - Working Gas,NW2_EPG0_SWO_R33_BCF,Weekly South Central  Region Natural Gas Working Underground Storage (Billion Cubic Feet),793,BCF
2019-05-17,R33,NA,EPG0,Natural Gas,SWO,Underground Storage - Working Gas,NW2_EPG0_SWO_R33_BCF,Weekly South Central  Region Natural Gas Working Underground Storage (Billion Cubic Feet),762,BCF
2019-05-10,R33,NA,EPG0,Natural Gas,SWO,Underground Storage - Working Gas,NW2_EPG0_SWO_R33_BCF,Weekly South Central  Region Natural Gas Working Underground Storage (Billion Cubic Feet),731,BCF
2019-05-03,R33,NA,EPG0,Natural Gas,SWO,Underground Storage - Working Gas,NW2_EPG0_SWO_R33_BCF,Weekly South Central  Region Natural Gas Working Underground Storage (Billion Cubic Feet),699,BCF
2019-04-26,R33,NA,EPG0,Natural Gas,SWO,Underground Storage - Working Gas,NW2_EPG0_SWO_R33_BCF,Weekly South Central  Region Natural Gas Working Underground Storage (Billion Cubic Feet),666,BCF
2019-04-19,R33,NA,EPG0,Natural Gas,SWO,Underground Storage - Working Gas,NW2_EPG0_SWO_R33_BCF,Weekly South Central  Region Natural Gas Working Underground Storage (Billion Cubic Feet),616,BCF
2019-04-12,R33,NA,EPG0,Natural Gas,SWO,Underground Storage - Working Gas,NW2_EPG0_SWO_R33_BCF,Weekly South Central  Region Natural Gas Working Underground Storage (Billion Cubic Feet),571,BCF
2019-04-05,R33,NA,EPG0,Natural Gas,SWO,Underground Storage - Working Gas,NW2_EPG0_SWO_R33_BCF,Weekly South Central  Region Natural Gas Working Underground Storage (Billion Cubic Feet),523,BCF
2019-03-29,R33,NA,EPG0,Natural Gas,SWO,Underground Storage - Working Gas,NW2_EPG0_SWO_R33_BCF,Weekly South Central  Region Natural Gas Working Underground Storage (Billion Cubic Feet),502,BCF
2019-03-22,R33,NA,EPG0,Natural Gas,SWO,Underground Storage - Working Gas,NW2_EPG0_SWO_R33_BCF,Weekly South Central  Region Natural Gas Working Underground Storage (Billion Cubic Feet),467,BCF
2019-03-15,R33,NA,EPG0,Natural Gas,SWO,Underground Storage - Working Gas,NW2_EPG0_SWO_R33_BCF,Weekly South Central  Region Natural Gas Working Underground Storage (Billion Cubic Feet),471,BCF
2019-03-08,R33,NA,EPG0,Natural Gas,SWO,Underground Storage - Working Gas,NW2_EPG0_SWO_R33_BCF,Weekly South Central  Region Natural Gas Working Underground Storage (Billion Cubic Feet),473,BCF
2019-03-01,R33,NA,EPG0,Natural Gas,SWO,Underground Storage - Working Gas,NW2_EPG0_SWO_R33_BCF,Weekly South Central  Region Natural Gas Working Underground Storage (Billion Cubic Feet),557,BCF
2019-02-22,R33,NA,EPG0,Natural Gas,SWO,Underground Storage - Working Gas,NW2_EPG0_SWO_R33_BCF,Weekly South Central  Region Natural Gas Working Underground Storage (Billion Cubic Feet),598,BCF
2019-02-15,R33,NA,EPG0,Natural Gas,SWO,Underground Storage - Working Gas,NW2_EPG0_SWO_R33_BCF,Weekly South Central  Region Natural Gas Working Underground Storage (Billion Cubic Feet),649,BCF
2019-02-08,R33,NA,EPG0,Natural Gas,SWO,Underground Storage - Working Gas,NW2_EPG0_SWO_R33_BCF,Weekly South Central  Region Natural Gas Working Underground Storage (Billion Cubic Feet),696,BCF
2019-02-01,R33,NA,EPG0,Natural Gas,SWO,Underground Storage - Working Gas,NW2_EPG0_SWO_R33_BCF,Weekly South Central  Region Natural Gas Working Underground Storage (Billion Cubic Feet),692,BCF
2019-01-25,R33,NA,EPG0,Natural Gas,SWO,Underground Storage - Working Gas,NW2_EPG0_SWO_R33_BCF,Weekly South Central  Region Natural Gas Working Underground Storage (Billion Cubic Feet),771,BCF
2019-01-18,R33,NA,EPG0,Natural Gas,SWO,Underground Storage - Working Gas,NW2_EPG0_SWO_R33_BCF,Weekly South Central  Region Natural Gas Working Underground Storage (Billion Cubic Feet),823,BCF
2019-01-11,R33,NA,EPG0,Natural Gas,SWO,Underground Storage - Working Gas,NW2_EPG0_SWO_R33_BCF,Weekly South Central  Region Natural Gas Working Underground Storage (Billion Cubic Feet),861,BCF
2019-01-04,R33,NA,EPG0,Natural Gas,SWO,Underground Storage - Working Gas,NW2_EPG0_SWO_R33_BCF,Weekly South Central  Region Natural Gas Working Underground Storage (Billion Cubic Feet),865,BCF
2018-12-28,R33,NA,EPG0,Natural Gas,SWO,Underground Storage - Working Gas,NW2_EPG0_SWO_R33_BCF,Weekly South Central  Region Natural Gas Working Underground Storage (Billion Cubic Feet),878,BCF
2018-12-21,R33,NA,EPG0,Natural Gas,SWO,Underground Storage - Working Gas,NW2_EPG0_SWO_R33_BCF,Weekly South Central  Region Natural Gas Working Underground Storage (Billion Cubic Feet),858,BCF
2018-12-14,R33,NA,EPG0,Natural Gas,SWO,Underground Storage - Working Gas,NW2_EPG0_SWO_R33_BCF,Weekly South Central  Region Natural Gas Working Underground Storage (Billion Cubic Feet),860,BCF
2018-12-07,R33,NA,EPG0,Natural Gas,SWO,Underground Storage - Working Gas,NW2_EPG0_SWO_R33_BCF,Weekly South Central  Region Natural Gas Working Underground Storage (Billion Cubic Feet),898,BCF
2018-11-30,R33,NA,EPG0,Natural Gas,SWO,Underground Storage - Working Gas,NW2_EPG0_SWO_R33_BCF,Weekly South Central  Region Natural Gas Working Underground Storage (Billion Cubic Feet),905,BCF
2018-11-23,R33,NA,EPG0,Natural Gas,SWO,Underground Storage - Working Gas,NW2_EPG0_SWO_R33_BCF,Weekly South Central  Region Natural Gas Working Underground Storage (Billion Cubic Feet),914,BCF
2018-11-16,R33,NA,EPG0,Natural Gas,SWO,Underground Storage - Working Gas,NW2_EPG0_SWO_R33_BCF,Weekly South Central  Region Natural Gas Working Underground Storage (Billion Cubic Feet),919,BCF
2018-11-09,R33,NA,EPG0,Natural Gas,SWO,Underground Storage - Working Gas,NW2_EPG0_SWO_R33_BCF,Weekly South Central  Region Natural Gas Working Underground Storage (Billion Cubic Feet),974,BCF
2018-11-02,R33,NA,EPG0,Natural Gas,SWO,Underground Storage - Working Gas,NW2_EPG0_SWO_R33_BCF,Weekly South Central  Region Natural Gas Working Underground Storage (Billion Cubic Feet),949,BCF
2018-10-26,R33,NA,EPG0,Natural Gas,SWO,Underground Storage - Working Gas,NW2_EPG0_SWO_R33_BCF,Weekly South Central  Region Natural Gas Working Underground Storage (Billion Cubic Feet),919,BCF
2018-10-19,R33,NA,EPG0,Natural Gas,SWO,Underground Storage - Working Gas,NW2_EPG0_SWO_R33_BCF,Weekly South Central  Region Natural Gas Working Underground Storage (Billion Cubic Feet),896,BCF
2018-10-12,R33,NA,EPG0,Natural Gas,SWO,Underground Storage - Working Gas,NW2_EPG0_SWO_R33_BCF,Weekly South Central  Region Natural Gas Working Underground Storage (Billion Cubic Feet),877,BCF
2018-10-05,R33,NA,EPG0,Natural Gas,SWO,Underground Storage - Working Gas,NW2_EPG0_SWO_R33_BCF,Weekly South Central  Region Natural Gas Working Underground Storage (Billion Cubic Feet),854,BCF
2018-09-28,R33,NA,EPG0,Natural Gas,SWO,Underground Storage - Working Gas,NW2_EPG0_SWO_R33_BCF,Weekly South Central  Region Natural Gas Working Underground Storage (Billion Cubic Feet),829,BCF
2018-09-21,R33,NA,EPG0,Natural Gas,SWO,Underground Storage - Working Gas,NW2_EPG0_SWO_R33_BCF,Weekly South Central  Region Natural Gas Working Underground Storage (Billion Cubic Feet),807,BCF
2018-09-14,R33,NA,EPG0,Natural Gas,SWO,Underground Storage - Working Gas,NW2_EPG0_SWO_R33_BCF,Weekly South Central  Region Natural Gas Working Underground Storage (Billion Cubic Feet),818,BCF
2018-09-07,R33,NA,EPG0,Natural Gas,SWO,Underground Storage - Working Gas,NW2_EPG0_SWO_R33_BCF,Weekly South Central  Region Natural Gas Working Underground Storage (Billion Cubic Feet),806,BCF
2018-08-31,R33,NA,EPG0,Natural Gas,SWO,Underground Storage - Working Gas,NW2_EPG0_SWO_R33_BCF,Weekly South Central  Region Natural Gas Working Underground Storage (Billion Cubic Feet),799,BCF
2018-08-24,R33,NA,EPG0,Natural Gas,SWO,Underground Storage - Working Gas,NW2_EPG0_SWO_R33_BCF,Weekly South Central  Region Natural Gas Working Underground Storage (Billion Cubic Feet),801,BCF
2018-08-17,R33,NA,EPG0,Natural Gas,SWO,Underground Storage - Working Gas,NW2_EPG0_SWO_R33_BCF,Weekly South Central  Region Natural Gas Working Underground Storage (Billion Cubic Feet),799,BCF
2018-08-10,R33,NA,EPG0,Natural Gas,SWO,Underground Storage - Working Gas,NW2_EPG0_SWO_R33_BCF,Weekly South Central  Region Natural Gas Working Underground Storage (Billion Cubic Feet),802,BCF
2018-08-03,R33,NA,EPG0,Natural Gas,SWO,Underground Storage - Working Gas,NW2_EPG0_SWO_R33_BCF,Weekly South Central  Region Natural Gas Working Underground Storage (Billion Cubic Feet),808,BCF
2018-07-27,R33,NA,EPG0,Natural Gas,SWO,Underground Storage - Working Gas,NW2_EPG0_SWO_R33_BCF,Weekly South Central  Region Natural Gas Working Underground Storage (Billion Cubic Feet),807,BCF
2018-07-20,R33,NA,EPG0,Natural Gas,SWO,Underground Storage - Working Gas,NW2_EPG0_SWO_R33_BCF,Weekly South Central  Region Natural Gas Working Underground Storage (Billion Cubic Feet),820,BCF
2018-07-13,R33,NA,EPG0,Natural Gas,SWO,Underground Storage - Working Gas,NW2_EPG0_SWO_R33_BCF,Weekly South Central  Region Natural Gas Working Underground Storage (Billion Cubic Feet),838,BCF
2018-07-06,R33,NA,EPG0,Natural Gas,SWO,Underground Storage - Working Gas,NW2_EPG0_SWO_R33_BCF,Weekly South Central  Region Natural Gas Working Underground Storage (Billion Cubic Feet),843,BCF
2018-06-29,R33,NA,EPG0,Natural Gas,SWO,Underground Storage - Working Gas,NW2_EPG0_SWO_R33_BCF,Weekly South Central  Region Natural Gas Working Underground Storage (Billion Cubic Feet),841,BCF
2018-06-22,R33,NA,EPG0,Natural Gas,SWO,Underground Storage - Working Gas,NW2_EPG0_SWO_R33_BCF,Weekly South Central  Region Natural Gas Working Underground Storage (Billion Cubic Feet),835,BCF
2018-06-15,R33,NA,EPG0,Natural Gas,SWO,Underground Storage - Working Gas,NW2_EPG0_SWO_R33_BCF,Weekly South Central  Region Natural Gas Working Underground Storage (Billion Cubic Feet),828,BCF
2018-06-08,R33,NA,EPG0,Natural Gas,SWO,Underground Storage - Working Gas,NW2_EPG0_SWO_R33_BCF,Weekly South Central  Region Natural Gas Working Underground Storage (Billion Cubic Feet),800,BCF
2018-06-01,R33,NA,EPG0,Natural Gas,SWO,Underground Storage - Working Gas,NW2_EPG0_SWO_R33_BCF,Weekly South Central  Region Natural Gas Working Underground Storage (Billion Cubic Feet),773,BCF
2018-05-25,R33,NA,EPG0,Natural Gas,SWO,Underground Storage - Working Gas,NW2_EPG0_SWO_R33_BCF,Weekly South Central  Region Natural Gas Working Underground Storage (Billion Cubic Feet),748,BCF
2018-05-18,R33,NA,EPG0,Natural Gas,SWO,Underground Storage - Working Gas,NW2_EPG0_SWO_R33_BCF,Weekly South Central  Region Natural Gas Working Underground Storage (Billion Cubic Feet),722,BCF
2018-05-11,R33,NA,EPG0,Natural Gas,SWO,Underground Storage - Working Gas,NW2_EPG0_SWO_R33_BCF,Weekly South Central  Region Natural Gas Working Underground Storage (Billion Cubic Feet),694,BCF
2018-05-04,R33,NA,EPG0,Natural Gas,SWO,Underground Storage - Working Gas,NW2_EPG0_SWO_R33_BCF,Weekly South Central  Region Natural Gas Working Underground Storage (Billion Cubic Feet),662,BCF
2018-04-27,R33,NA,EPG0,Natural Gas,SWO,Underground Storage - Working Gas,NW2_EPG0_SWO_R33_BCF,Weekly South Central  Region Natural Gas Working Underground Storage (Billion Cubic Feet),626,BCF
2018-04-20,R33,NA,EPG0,Natural Gas,SWO,Underground Storage - Working Gas,NW2_EPG0_SWO_R33_BCF,Weekly South Central  Region Natural Gas Working Underground Storage (Billion Cubic Feet),604,BCF
2018-04-13,R33,NA,EPG0,Natural Gas,SWO,Underground Storage - Working Gas,NW2_EPG0_SWO_R33_BCF,Weekly South Central  Region Natural Gas Working Underground Storage (Billion Cubic Feet),606,BCF
2018-04-06,R33,NA,EPG0,Natural Gas,SWO,Underground Storage - Working Gas,NW2_EPG0_SWO_R33_BCF,Weekly South Central  Region Natural Gas Working Underground Storage (Billion Cubic Feet),618,BCF
2018-03-30,R33,NA,EPG0,Natural Gas,SWO,Underground Storage - Working Gas,NW2_EPG0_SWO_R33_BCF,Weekly South Central  Region Natural Gas Working Underground Storage (Billion Cubic Feet),606,BCF
2018-03-23,R33,NA,EPG0,Natural Gas,SWO,Underground Storage - Working Gas,NW2_EPG0_SWO_R33_BCF,Weekly South Central  Region Natural Gas Working Underground Storage (Billion Cubic Feet),603,BCF
2018-03-16,R33,NA,EPG0,Natural Gas,SWO,Underground Storage - Working Gas,NW2_EPG0_SWO_R33_BCF,Weekly South Central  Region Natural Gas Working Underground Storage (Billion Cubic Feet),602,BCF
2018-03-09,R33,NA,EPG0,Natural Gas,SWO,Underground Storage - Working Gas,NW2_EPG0_SWO_R33_BCF,Weekly South Central  Region Natural Gas Working Underground Storage (Billion Cubic Feet),606,BCF
2018-03-02,R33,NA,EPG0,Natural Gas,SWO,Underground Storage - Working Gas,NW2_EPG0_SWO_R33_BCF,Weekly South Central  Region Natural Gas Working Underground Storage (Billion Cubic Feet),612,BCF
2018-02-23,R33,NA,EPG0,Natural Gas,SWO,Underground Storage - Working Gas,NW2_EPG0_SWO_R33_BCF,Weekly South Central  Region Natural Gas Working Underground Storage (Billion Cubic Feet),611,BCF
2018-02-16,R33,NA,EPG0,Natural Gas,SWO,Underground Storage - Working Gas,NW2_EPG0_SWO_R33_BCF,Weekly South Central  Region Natural Gas Working Underground Storage (Billion Cubic Feet),614,BCF
2018-02-09,R33,NA,EPG0,Natural Gas,SWO,Underground Storage - Working Gas,NW2_EPG0_SWO_R33_BCF,Weekly South Central  Region Natural Gas Working Underground Storage (Billion Cubic Feet),649,BCF
2018-02-02,R33,NA,EPG0,Natural Gas,SWO,Underground Storage - Working Gas,NW2_EPG0_SWO_R33_BCF,Weekly South Central  Region Natural Gas Working Underground Storage (Billion Cubic Feet),703,BCF
2018-01-26,R33,NA,EPG0,Natural Gas,SWO,Underground Storage - Working Gas,NW2_EPG0_SWO_R33_BCF,Weekly South Central  Region Natural Gas Working Underground Storage (Billion Cubic Feet),719,BCF
2018-01-19,R33,NA,EPG0,Natural Gas,SWO,Underground Storage - Working Gas,NW2_EPG0_SWO_R33_BCF,Weekly South Central  Region Natural Gas Working Underground Storage (Billion Cubic Feet),729,BCF
2018-01-12,R33,NA,EPG0,Natural Gas,SWO,Underground Storage - Working Gas,NW2_EPG0_SWO_R33_BCF,Weekly South Central  Region Natural Gas Working Underground Storage (Billion Cubic Feet),851,BCF
2018-01-05,R33,NA,EPG0,Natural Gas,SWO,Underground Storage - Working Gas,NW2_EPG0_SWO_R33_BCF,Weekly South Central  Region Natural Gas Working Underground Storage (Billion Cubic Feet),907,BCF
2017-12-29,R33,NA,EPG0,Natural Gas,SWO,Underground Storage - Working Gas,NW2_EPG0_SWO_R33_BCF,Weekly South Central  Region Natural Gas Working Underground Storage (Billion Cubic Feet),1060,BCF
2017-12-22,R33,NA,EPG0,Natural Gas,SWO,Underground Storage - Working Gas,NW2_EPG0_SWO_R33_BCF,Weekly South Central  Region Natural Gas Working Underground Storage (Billion Cubic Feet),1133,BCF
2017-12-15,R33,NA,EPG0,Natural Gas,SWO,Underground Storage - Working Gas,NW2_EPG0_SWO_R33_BCF,Weekly South Central  Region Natural Gas Working Underground Storage (Billion Cubic Feet),1155,BCF
2017-12-08,R33,NA,EPG0,Natural Gas,SWO,Underground Storage - Working Gas,NW2_EPG0_SWO_R33_BCF,Weekly South Central  Region Natural Gas Working Underground Storage (Billion Cubic Feet),1220,BCF
2017-12-01,R33,NA,EPG0,Natural Gas,SWO,Underground Storage - Working Gas,NW2_EPG0_SWO_R33_BCF,Weekly South Central  Region Natural Gas Working Underground Storage (Billion Cubic Feet),1235,BCF
2017-11-24,R33,NA,EPG0,Natural Gas,SWO,Underground Storage - Working Gas,NW2_EPG0_SWO_R33_BCF,Weekly South Central  Region Natural Gas Working Underground Storage (Billion Cubic Feet),1214,BCF
2017-11-17,R33,NA,EPG0,Natural Gas,SWO,Underground Storage - Working Gas,NW2_EPG0_SWO_R33_BCF,Weekly South Central  Region Natural Gas Working Underground Storage (Billion Cubic Feet),1211,BCF
2017-11-10,R33,NA,EPG0,Natural Gas,SWO,Underground Storage - Working Gas,NW2_EPG0_SWO_R33_BCF,Weekly South Central  Region Natural Gas Working Underground Storage (Billion Cubic Feet),1214,BCF
2017-11-03,R33,NA,EPG0,Natural Gas,SWO,Underground Storage - Working Gas,NW2_EPG0_SWO_R33_BCF,Weekly South Central  Region Natural Gas Working Underground Storage (Billion Cubic Feet),1212,BCF
2017-10-27,R33,NA,EPG0,Natural Gas,SWO,Underground Storage - Working Gas,NW2_EPG0_SWO_R33_BCF,Weekly South Central  Region Natural Gas Working Underground Storage (Billion Cubic Feet),1199,BCF
2017-10-20,R33,NA,EPG0,Natural Gas,SWO,Underground Storage - Working Gas,NW2_EPG0_SWO_R33_BCF,Weekly South Central  Region Natural Gas Working Underground Storage (Billion Cubic Feet),1174,BCF
2017-10-13,R33,NA,EPG0,Natural Gas,SWO,Underground Storage - Working Gas,NW2_EPG0_SWO_R33_BCF,Weekly South Central  Region Natural Gas Working Underground Storage (Billion Cubic Feet),1150,BCF
2017-10-06,R33,NA,EPG0,Natural Gas,SWO,Underground Storage - Working Gas,NW2_EPG0_SWO_R33_BCF,Weekly South Central  Region Natural Gas Working Underground Storage (Billion Cubic Feet),1149,BCF
2017-09-29,R33,NA,EPG0,Natural Gas,SWO,Underground Storage - Working Gas,NW2_EPG0_SWO_R33_BCF,Weekly South Central  Region Natural Gas Working Underground Storage (Billion Cubic Feet),1127,BCF
2017-09-22,R33,NA,EPG0,Natural Gas,SWO,Underground Storage - Working Gas,NW2_EPG0_SWO_R33_BCF,Weekly South Central  Region Natural Gas Working Underground Storage (Billion Cubic Feet),1130,BCF
2017-09-15,R33,NA,EPG0,Natural Gas,SWO,Underground Storage - Working Gas,NW2_EPG0_SWO_R33_BCF,Weekly South Central  Region Natural Gas Working Underground Storage (Billion Cubic Feet),1125,BCF
2017-09-08,R33,NA,EPG0,Natural Gas,SWO,Underground Storage - Working Gas,NW2_EPG0_SWO_R33_BCF,Weekly South Central  Region Natural Gas Working Underground Storage (Billion Cubic Feet),1092,BCF
2017-09-01,R33,NA,EPG0,Natural Gas,SWO,Underground Storage - Working Gas,NW2_EPG0_SWO_R33_BCF,Weekly South Central  Region Natural Gas Working Underground Storage (Billion Cubic Feet),1066,BCF
2017-08-25,R33,NA,EPG0,Natural Gas,SWO,Underground Storage - Working Gas,NW2_EPG0_SWO_R33_BCF,Weekly South Central  Region Natural Gas Working Underground Storage (Billion Cubic Feet),1060,BCF
2017-08-18,R33,NA,EPG0,Natural Gas,SWO,Underground Storage - Working Gas,NW2_EPG0_SWO_R33_BCF,Weekly South Central  Region Natural Gas Working Underground Storage (Billion Cubic Feet),1074,BCF
2017-08-11,R33,NA,EPG0,Natural Gas,SWO,Underground Storage - Working Gas,NW2_EPG0_SWO_R33_BCF,Weekly South Central  Region Natural Gas Working Underground Storage (Billion Cubic Feet),1087,BCF
2017-08-04,R33,NA,EPG0,Natural Gas,SWO,Underground Storage - Working Gas,NW2_EPG0_SWO_R33_BCF,Weekly South Central  Region Natural Gas Working Underground Storage (Billion Cubic Feet),1094,BCF
2017-07-28,R33,NA,EPG0,Natural Gas,SWO,Underground Storage - Working Gas,NW2_EPG0_SWO_R33_BCF,Weekly South Central  Region Natural Gas Working Underground Storage (Billion Cubic Feet),1101,BCF
2017-07-21,R33,NA,EPG0,Natural Gas,SWO,Underground Storage - Working Gas,NW2_EPG0_SWO_R33_BCF,Weekly South Central  Region Natural Gas Working Underground Storage (Billion Cubic Feet),1120,BCF
2017-07-14,R33,NA,EPG0,Natural Gas,SWO,Underground Storage - Working Gas,NW2_EPG0_SWO_R33_BCF,Weekly South Central  Region Natural Gas Working Underground Storage (Billion Cubic Feet),1135,BCF
2017-07-07,R33,NA,EPG0,Natural Gas,SWO,Underground Storage - Working Gas,NW2_EPG0_SWO_R33_BCF,Weekly South Central  Region Natural Gas Working Underground Storage (Billion Cubic Feet),1144,BCF
2017-06-30,R33,NA,EPG0,Natural Gas,SWO,Underground Storage - Working Gas,NW2_EPG0_SWO_R33_BCF,Weekly South Central  Region Natural Gas Working Underground Storage (Billion Cubic Feet),1141,BCF
2017-06-23,R33,NA,EPG0,Natural Gas,SWO,Underground Storage - Working Gas,NW2_EPG0_SWO_R33_BCF,Weekly South Central  Region Natural Gas Working Underground Storage (Billion Cubic Feet),1140,BCF
2017-06-16,R33,NA,EPG0,Natural Gas,SWO,Underground Storage - Working Gas,NW2_EPG0_SWO_R33_BCF,Weekly South Central  Region Natural Gas Working Underground Storage (Billion Cubic Feet),1138,BCF
2017-06-09,R33,NA,EPG0,Natural Gas,SWO,Underground Storage - Working Gas,NW2_EPG0_SWO_R33_BCF,Weekly South Central  Region Natural Gas Working Underground Storage (Billion Cubic Feet),1133,BCF
2017-06-02,R33,NA,EPG0,Natural Gas,SWO,Underground Storage - Working Gas,NW2_EPG0_SWO_R33_BCF,Weekly South Central  Region Natural Gas Working Underground Storage (Billion Cubic Feet),1119,BCF
2017-05-26,R33,NA,EPG0,Natural Gas,SWO,Underground Storage - Working Gas,NW2_EPG0_SWO_R33_BCF,Weekly South Central  Region Natural Gas Working Underground Storage (Billion Cubic Feet),1097,BCF
2017-05-19,R33,NA,EPG0,Natural Gas,SWO,Underground Storage - Working Gas,NW2_EPG0_SWO_R33_BCF,Weekly South Central  Region Natural Gas Working Underground Storage (Billion Cubic Feet),1076,BCF
2017-05-12,R33,NA,EPG0,Natural Gas,SWO,Underground Storage - Working Gas,NW2_EPG0_SWO_R33_BCF,Weekly South Central  Region Natural Gas Working Underground Storage (Billion Cubic Feet),1057,BCF
2017-05-05,R33,NA,EPG0,Natural Gas,SWO,Underground Storage - Working Gas,NW2_EPG0_SWO_R33_BCF,Weekly South Central  Region Natural Gas Working Underground Storage (Billion Cubic Feet),1034,BCF
2017-04-28,R33,NA,EPG0,Natural Gas,SWO,Underground Storage - Working Gas,NW2_EPG0_SWO_R33_BCF,Weekly South Central  Region Natural Gas Working Underground Storage (Billion Cubic Feet),1026,BCF
2017-04-21,R33,NA,EPG0,Natural Gas,SWO,Underground Storage - Working Gas,NW2_EPG0_SWO_R33_BCF,Weekly South Central  Region Natural Gas Working Underground Storage (Billion Cubic Feet),1005,BCF
2017-04-14,R33,NA,EPG0,Natural Gas,SWO,Underground Storage - Working Gas,NW2_EPG0_SWO_R33_BCF,Weekly South Central  Region Natural Gas Working Underground Storage (Billion Cubic Feet),983,BCF
2017-04-07,R33,NA,EPG0,Natural Gas,SWO,Underground Storage - Working Gas,NW2_EPG0_SWO_R33_BCF,Weekly South Central  Region Natural Gas Working Underground Storage (Billion Cubic Feet),957,BCF
2017-03-31,R33,NA,EPG0,Natural Gas,SWO,Underground Storage - Working Gas,NW2_EPG0_SWO_R33_BCF,Weekly South Central  Region Natural Gas Working Underground Storage (Billion Cubic Feet),946,BCF
2017-03-24,R33,NA,EPG0,Natural Gas,SWO,Underground Storage - Working Gas,NW2_EPG0_SWO_R33_BCF,Weekly South Central  Region Natural Gas Working Underground Storage (Billion Cubic Feet),932,BCF
2017-03-17,R33,NA,EPG0,Natural Gas,SWO,Underground Storage - Working Gas,NW2_EPG0_SWO_R33_BCF,Weekly South Central  Region Natural Gas Working Underground Storage (Billion Cubic Feet),932,BCF
2017-03-10,R33,NA,EPG0,Natural Gas,SWO,Underground Storage - Working Gas,NW2_EPG0_SWO_R33_BCF,Weekly South Central  Region Natural Gas Working Underground Storage (Billion Cubic Feet),977,BCF
2017-03-03,R33,NA,EPG0,Natural Gas,SWO,Underground Storage - Working Gas,NW2_EPG0_SWO_R33_BCF,Weekly South Central  Region Natural Gas Working Underground Storage (Billion Cubic Feet),972,BCF
2017-02-24,R33,NA,EPG0,Natural Gas,SWO,Underground Storage - Working Gas,NW2_EPG0_SWO_R33_BCF,Weekly South Central  Region Natural Gas Working Underground Storage (Billion Cubic Feet),982,BCF
2017-02-17,R33,NA,EPG0,Natural Gas,SWO,Underground Storage - Working Gas,NW2_EPG0_SWO_R33_BCF,Weekly South Central  Region Natural Gas Working Underground Storage (Billion Cubic Feet),961,BCF
2017-02-10,R33,NA,EPG0,Natural Gas,SWO,Underground Storage - Working Gas,NW2_EPG0_SWO_R33_BCF,Weekly South Central  Region Natural Gas Working Underground Storage (Billion Cubic Feet),969,BCF
2017-02-03,R33,NA,EPG0,Natural Gas,SWO,Underground Storage - Working Gas,NW2_EPG0_SWO_R33_BCF,Weekly South Central  Region Natural Gas Working Underground Storage (Billion Cubic Feet),991,BCF
2017-01-27,R33,NA,EPG0,Natural Gas,SWO,Underground Storage - Working Gas,NW2_EPG0_SWO_R33_BCF,Weekly South Central  Region Natural Gas Working Underground Storage (Billion Cubic Feet),1027,BCF
2017-01-20,R33,NA,EPG0,Natural Gas,SWO,Underground Storage - Working Gas,NW2_EPG0_SWO_R33_BCF,Weekly South Central  Region Natural Gas Working Underground Storage (Billion Cubic Feet),1037,BCF
2017-01-13,R33,NA,EPG0,Natural Gas,SWO,Underground Storage - Working Gas,NW2_EPG0_SWO_R33_BCF,Weekly South Central  Region Natural Gas Working Underground Storage (Billion Cubic Feet),1052,BCF
2017-01-06,R33,NA,EPG0,Natural Gas,SWO,Underground Storage - Working Gas,NW2_EPG0_SWO_R33_BCF,Weekly South Central  Region Natural Gas Working Underground Storage (Billion Cubic Feet),1137,BCF
2016-12-30,R33,NA,EPG0,Natural Gas,SWO,Underground Storage - Working Gas,NW2_EPG0_SWO_R33_BCF,Weekly South Central  Region Natural Gas Working Underground Storage (Billion Cubic Feet),1171,BCF
2016-12-23,R33,NA,EPG0,Natural Gas,SWO,Underground Storage - Working Gas,NW2_EPG0_SWO_R33_BCF,Weekly South Central  Region Natural Gas Working Underground Storage (Billion Cubic Feet),1157,BCF
2016-12-16,R33,NA,EPG0,Natural Gas,SWO,Underground Storage - Working Gas,NW2_EPG0_SWO_R33_BCF,Weekly South Central  Region Natural Gas Working Underground Storage (Billion Cubic Feet),1248,BCF
2016-12-09,R33,NA,EPG0,Natural Gas,SWO,Underground Storage - Working Gas,NW2_EPG0_SWO_R33_BCF,Weekly South Central  Region Natural Gas Working Underground Storage (Billion Cubic Feet),1314,BCF
2016-12-02,R33,NA,EPG0,Natural Gas,SWO,Underground Storage - Working Gas,NW2_EPG0_SWO_R33_BCF,Weekly South Central  Region Natural Gas Working Underground Storage (Billion Cubic Feet),1363,BCF
2016-11-25,R33,NA,EPG0,Natural Gas,SWO,Underground Storage - Working Gas,NW2_EPG0_SWO_R33_BCF,Weekly South Central  Region Natural Gas Working Underground Storage (Billion Cubic Feet),1367,BCF
2016-11-18,R33,NA,EPG0,Natural Gas,SWO,Underground Storage - Working Gas,NW2_EPG0_SWO_R33_BCF,Weekly South Central  Region Natural Gas Working Underground Storage (Billion Cubic Feet),1370,BCF
2016-11-11,R33,NA,EPG0,Natural Gas,SWO,Underground Storage - Working Gas,NW2_EPG0_SWO_R33_BCF,Weekly South Central  Region Natural Gas Working Underground Storage (Billion Cubic Feet),1363,BCF
2016-11-04,R33,NA,EPG0,Natural Gas,SWO,Underground Storage - Working Gas,NW2_EPG0_SWO_R33_BCF,Weekly South Central  Region Natural Gas Working Underground Storage (Billion Cubic Feet),1343,BCF
2016-10-28,R33,NA,EPG0,Natural Gas,SWO,Underground Storage - Working Gas,NW2_EPG0_SWO_R33_BCF,Weekly South Central  Region Natural Gas Working Underground Storage (Billion Cubic Feet),1318,BCF
2016-10-21,R33,NA,EPG0,Natural Gas,SWO,Underground Storage - Working Gas,NW2_EPG0_SWO_R33_BCF,Weekly South Central  Region Natural Gas Working Underground Storage (Billion Cubic Feet),1284,BCF
2016-10-14,R33,NA,EPG0,Natural Gas,SWO,Underground Storage - Working Gas,NW2_EPG0_SWO_R33_BCF,Weekly South Central  Region Natural Gas Working Underground Storage (Billion Cubic Feet),1250,BCF
2016-10-07,R33,NA,EPG0,Natural Gas,SWO,Underground Storage - Working Gas,NW2_EPG0_SWO_R33_BCF,Weekly South Central  Region Natural Gas Working Underground Storage (Billion Cubic Feet),1212,BCF
2016-09-30,R33,NA,EPG0,Natural Gas,SWO,Underground Storage - Working Gas,NW2_EPG0_SWO_R33_BCF,Weekly South Central  Region Natural Gas Working Underground Storage (Billion Cubic Feet),1181,BCF
2016-09-23,R33,NA,EPG0,Natural Gas,SWO,Underground Storage - Working Gas,NW2_EPG0_SWO_R33_BCF,Weekly South Central  Region Natural Gas Working Underground Storage (Billion Cubic Feet),1161,BCF
2016-09-16,R33,NA,EPG0,Natural Gas,SWO,Underground Storage - Working Gas,NW2_EPG0_SWO_R33_BCF,Weekly South Central  Region Natural Gas Working Underground Storage (Billion Cubic Feet),1167,BCF
2016-09-09,R33,NA,EPG0,Natural Gas,SWO,Underground Storage - Working Gas,NW2_EPG0_SWO_R33_BCF,Weekly South Central  Region Natural Gas Working Underground Storage (Billion Cubic Feet),1169,BCF
2016-09-02,R33,NA,EPG0,Natural Gas,SWO,Underground Storage - Working Gas,NW2_EPG0_SWO_R33_BCF,Weekly South Central  Region Natural Gas Working Underground Storage (Billion Cubic Feet),1160,BCF
2016-08-26,R33,NA,EPG0,Natural Gas,SWO,Underground Storage - Working Gas,NW2_EPG0_SWO_R33_BCF,Weekly South Central  Region Natural Gas Working Underground Storage (Billion Cubic Feet),1169,BCF
2016-08-19,R33,NA,EPG0,Natural Gas,SWO,Underground Storage - Working Gas,NW2_EPG0_SWO_R33_BCF,Weekly South Central  Region Natural Gas Working Underground Storage (Billion Cubic Feet),1171,BCF
2016-08-12,R33,NA,EPG0,Natural Gas,SWO,Underground Storage - Working Gas,NW2_EPG0_SWO_R33_BCF,Weekly South Central  Region Natural Gas Working Underground Storage (Billion Cubic Feet),1185,BCF
2016-08-05,R33,NA,EPG0,Natural Gas,SWO,Underground Storage - Working Gas,NW2_EPG0_SWO_R33_BCF,Weekly South Central  Region Natural Gas Working Underground Storage (Billion Cubic Feet),1197,BCF
2016-07-29,R33,NA,EPG0,Natural Gas,SWO,Underground Storage - Working Gas,NW2_EPG0_SWO_R33_BCF,Weekly South Central  Region Natural Gas Working Underground Storage (Billion Cubic Feet),1207,BCF
2016-07-22,R33,NA,EPG0,Natural Gas,SWO,Underground Storage - Working Gas,NW2_EPG0_SWO_R33_BCF,Weekly South Central  Region Natural Gas Working Underground Storage (Billion Cubic Feet),1233,BCF
2016-07-15,R33,NA,EPG0,Natural Gas,SWO,Underground Storage - Working Gas,NW2_EPG0_SWO_R33_BCF,Weekly South Central  Region Natural Gas Working Underground Storage (Billion Cubic Feet),1251,BCF
2016-07-08,R33,NA,EPG0,Natural Gas,SWO,Underground Storage - Working Gas,NW2_EPG0_SWO_R33_BCF,Weekly South Central  Region Natural Gas Working Underground Storage (Billion Cubic Feet),1253,BCF
2016-07-01,R33,NA,EPG0,Natural Gas,SWO,Underground Storage - Working Gas,NW2_EPG0_SWO_R33_BCF,Weekly South Central  Region Natural Gas Working Underground Storage (Billion Cubic Feet),1246,BCF
2016-06-24,R33,NA,EPG0,Natural Gas,SWO,Underground Storage - Working Gas,NW2_EPG0_SWO_R33_BCF,Weekly South Central  Region Natural Gas Working Underground Storage (Billion Cubic Feet),1253,BCF
2016-06-17,R33,NA,EPG0,Natural Gas,SWO,Underground Storage - Working Gas,NW2_EPG0_SWO_R33_BCF,Weekly South Central  Region Natural Gas Working Underground Storage (Billion Cubic Feet),1255,BCF
2016-06-10,R33,NA,EPG0,Natural Gas,SWO,Underground Storage - Working Gas,NW2_EPG0_SWO_R33_BCF,Weekly South Central  Region Natural Gas Working Underground Storage (Billion Cubic Feet),1253,BCF
2016-06-03,R33,NA,EPG0,Natural Gas,SWO,Underground Storage - Working Gas,NW2_EPG0_SWO_R33_BCF,Weekly South Central  Region Natural Gas Working Underground Storage (Billion Cubic Feet),1244,BCF
2016-05-27,R33,NA,EPG0,Natural Gas,SWO,Underground Storage - Working Gas,NW2_EPG0_SWO_R33_BCF,Weekly South Central  Region Natural Gas Working Underground Storage (Billion Cubic Feet),1233,BCF
2016-05-20,R33,NA,EPG0,Natural Gas,SWO,Underground Storage - Working Gas,NW2_EPG0_SWO_R33_BCF,Weekly South Central  Region Natural Gas Working Underground Storage (Billion Cubic Feet),1216,BCF
2016-05-13,R33,NA,EPG0,Natural Gas,SWO,Underground Storage - Working Gas,NW2_EPG0_SWO_R33_BCF,Weekly South Central  Region Natural Gas Working Underground Storage (Billion Cubic Feet),1199,BCF
2016-05-06,R33,NA,EPG0,Natural Gas,SWO,Underground Storage - Working Gas,NW2_EPG0_SWO_R33_BCF,Weekly South Central  Region Natural Gas Working Underground Storage (Billion Cubic Feet),1182,BCF
2016-04-29,R33,NA,EPG0,Natural Gas,SWO,Underground Storage - Working Gas,NW2_EPG0_SWO_R33_BCF,Weekly South Central  Region Natural Gas Working Underground Storage (Billion Cubic Feet),1164,BCF
2016-04-22,R33,NA,EPG0,Natural Gas,SWO,Underground Storage - Working Gas,NW2_EPG0_SWO_R33_BCF,Weekly South Central  Region Natural Gas Working Underground Storage (Billion Cubic Feet),1140,BCF
2016-04-15,R33,NA,EPG0,Natural Gas,SWO,Underground Storage - Working Gas,NW2_EPG0_SWO_R33_BCF,Weekly South Central  Region Natural Gas Working Underground Storage (Billion Cubic Feet),1115,BCF
2016-04-08,R33,NA,EPG0,Natural Gas,SWO,Underground Storage - Working Gas,NW2_EPG0_SWO_R33_BCF,Weekly South Central  Region Natural Gas Working Underground Storage (Billion Cubic Feet),1101,BCF
2016-04-01,R33,NA,EPG0,Natural Gas,SWO,Underground Storage - Working Gas,NW2_EPG0_SWO_R33_BCF,Weekly South Central  Region Natural Gas Working Underground Storage (Billion Cubic Feet),1084,BCF
2016-03-25,R33,NA,EPG0,Natural Gas,SWO,Underground Storage - Working Gas,NW2_EPG0_SWO_R33_BCF,Weekly South Central  Region Natural Gas Working Underground Storage (Billion Cubic Feet),1065,BCF
2016-03-18,R33,NA,EPG0,Natural Gas,SWO,Underground Storage - Working Gas,NW2_EPG0_SWO_R33_BCF,Weekly South Central  Region Natural Gas Working Underground Storage (Billion Cubic Feet),1061,BCF
2016-03-11,R33,NA,EPG0,Natural Gas,SWO,Underground Storage - Working Gas,NW2_EPG0_SWO_R33_BCF,Weekly South Central  Region Natural Gas Working Underground Storage (Billion Cubic Feet),1043,BCF
2016-03-04,R33,NA,EPG0,Natural Gas,SWO,Underground Storage - Working Gas,NW2_EPG0_SWO_R33_BCF,Weekly South Central  Region Natural Gas Working Underground Storage (Billion Cubic Feet),1024,BCF
2016-02-26,R33,NA,EPG0,Natural Gas,SWO,Underground Storage - Working Gas,NW2_EPG0_SWO_R33_BCF,Weekly South Central  Region Natural Gas Working Underground Storage (Billion Cubic Feet),1020,BCF
2016-02-19,R33,NA,EPG0,Natural Gas,SWO,Underground Storage - Working Gas,NW2_EPG0_SWO_R33_BCF,Weekly South Central  Region Natural Gas Working Underground Storage (Billion Cubic Feet),1024,BCF
2016-02-12,R33,NA,EPG0,Natural Gas,SWO,Underground Storage - Working Gas,NW2_EPG0_SWO_R33_BCF,Weekly South Central  Region Natural Gas Working Underground Storage (Billion Cubic Feet),1042,BCF
2016-02-05,R33,NA,EPG0,Natural Gas,SWO,Underground Storage - Working Gas,NW2_EPG0_SWO_R33_BCF,Weekly South Central  Region Natural Gas Working Underground Storage (Billion Cubic Feet),1096,BCF
2016-01-29,R33,NA,EPG0,Natural Gas,SWO,Underground Storage - Working Gas,NW2_EPG0_SWO_R33_BCF,Weekly South Central  Region Natural Gas Working Underground Storage (Billion Cubic Feet),1096,BCF
2016-01-22,R33,NA,EPG0,Natural Gas,SWO,Underground Storage - Working Gas,NW2_EPG0_SWO_R33_BCF,Weekly South Central  Region Natural Gas Working Underground Storage (Billion Cubic Feet),1143,BCF
2016-01-15,R33,NA,EPG0,Natural Gas,SWO,Underground Storage - Working Gas,NW2_EPG0_SWO_R33_BCF,Weekly South Central  Region Natural Gas Working Underground Storage (Billion Cubic Feet),1209,BCF
2016-01-08,R33,NA,EPG0,Natural Gas,SWO,Underground Storage - Working Gas,NW2_EPG0_SWO_R33_BCF,Weekly South Central  Region Natural Gas Working Underground Storage (Billion Cubic Feet),1259,BCF
2016-01-01,R33,NA,EPG0,Natural Gas,SWO,Underground Storage - Working Gas,NW2_EPG0_SWO_R33_BCF,Weekly South Central  Region Natural Gas Working Underground Storage (Billion Cubic Feet),1305,BCF
2015-12-25,R33,NA,EPG0,Natural Gas,SWO,Underground Storage - Working Gas,NW2_EPG0_SWO_R33_BCF,Weekly South Central  Region Natural Gas Working Underground Storage (Billion Cubic Feet),1322,BCF
2015-12-18,R33,NA,EPG0,Natural Gas,SWO,Underground Storage - Working Gas,NW2_EPG0_SWO_R33_BCF,Weekly South Central  Region Natural Gas Working Underground Storage (Billion Cubic Feet),1325,BCF
2015-12-11,R33,NA,EPG0,Natural Gas,SWO,Underground Storage - Working Gas,NW2_EPG0_SWO_R33_BCF,Weekly South Central  Region Natural Gas Working Underground Storage (Billion Cubic Feet),1322,BCF
2015-12-04,R33,NA,EPG0,Natural Gas,SWO,Underground Storage - Working Gas,NW2_EPG0_SWO_R33_BCF,Weekly South Central  Region Natural Gas Working Underground Storage (Billion Cubic Feet),1323,BCF
2015-11-27,R33,NA,EPG0,Natural Gas,SWO,Underground Storage - Working Gas,NW2_EPG0_SWO_R33_BCF,Weekly South Central  Region Natural Gas Working Underground Storage (Billion Cubic Feet),1342,BCF
2015-11-20,R33,NA,EPG0,Natural Gas,SWO,Underground Storage - Working Gas,NW2_EPG0_SWO_R33_BCF,Weekly South Central  Region Natural Gas Working Underground Storage (Billion Cubic Feet),1352,BCF
2015-11-13,R33,NA,EPG0,Natural Gas,SWO,Underground Storage - Working Gas,NW2_EPG0_SWO_R33_BCF,Weekly South Central  Region Natural Gas Working Underground Storage (Billion Cubic Feet),1347,BCF
2015-11-06,R33,NA,EPG0,Natural Gas,SWO,Underground Storage - Working Gas,NW2_EPG0_SWO_R33_BCF,Weekly South Central  Region Natural Gas Working Underground Storage (Billion Cubic Feet),1340,BCF
2015-10-30,R33,NA,EPG0,Natural Gas,SWO,Underground Storage - Working Gas,NW2_EPG0_SWO_R33_BCF,Weekly South Central  Region Natural Gas Working Underground Storage (Billion Cubic Feet),1325,BCF
2015-10-23,R33,NA,EPG0,Natural Gas,SWO,Underground Storage - Working Gas,NW2_EPG0_SWO_R33_BCF,Weekly South Central  Region Natural Gas Working Underground Storage (Billion Cubic Feet),1309,BCF
2015-10-16,R33,NA,EPG0,Natural Gas,SWO,Underground Storage - Working Gas,NW2_EPG0_SWO_R33_BCF,Weekly South Central  Region Natural Gas Working Underground Storage (Billion Cubic Feet),1288,BCF
2015-10-09,R33,NA,EPG0,Natural Gas,SWO,Underground Storage - Working Gas,NW2_EPG0_SWO_R33_BCF,Weekly South Central  Region Natural Gas Working Underground Storage (Billion Cubic Feet),1258,BCF
2015-10-02,R33,NA,EPG0,Natural Gas,SWO,Underground Storage - Working Gas,NW2_EPG0_SWO_R33_BCF,Weekly South Central  Region Natural Gas Working Underground Storage (Billion Cubic Feet),1222,BCF
2015-09-25,R33,NA,EPG0,Natural Gas,SWO,Underground Storage - Working Gas,NW2_EPG0_SWO_R33_BCF,Weekly South Central  Region Natural Gas Working Underground Storage (Billion Cubic Feet),1192,BCF
2015-09-18,R33,NA,EPG0,Natural Gas,SWO,Underground Storage - Working Gas,NW2_EPG0_SWO_R33_BCF,Weekly South Central  Region Natural Gas Working Underground Storage (Billion Cubic Feet),1162,BCF
2015-09-11,R33,NA,EPG0,Natural Gas,SWO,Underground Storage - Working Gas,NW2_EPG0_SWO_R33_BCF,Weekly South Central  Region Natural Gas Working Underground Storage (Billion Cubic Feet),1125,BCF
2015-09-04,R33,NA,EPG0,Natural Gas,SWO,Underground Storage - Working Gas,NW2_EPG0_SWO_R33_BCF,Weekly South Central  Region Natural Gas Working Underground Storage (Billion Cubic Feet),1105,BCF
2015-08-28,R33,NA,EPG0,Natural Gas,SWO,Underground Storage - Working Gas,NW2_EPG0_SWO_R33_BCF,Weekly South Central  Region Natural Gas Working Underground Storage (Billion Cubic Feet),1091,BCF
2015-08-21,R33,NA,EPG0,Natural Gas,SWO,Underground Storage - Working Gas,NW2_EPG0_SWO_R33_BCF,Weekly South Central  Region Natural Gas Working Underground Storage (Billion Cubic Feet),1071,BCF
2015-08-14,R33,NA,EPG0,Natural Gas,SWO,Underground Storage - Working Gas,NW2_EPG0_SWO_R33_BCF,Weekly South Central  Region Natural Gas Working Underground Storage (Billion Cubic Feet),1059,BCF
2015-08-07,R33,NA,EPG0,Natural Gas,SWO,Underground Storage - Working Gas,NW2_EPG0_SWO_R33_BCF,Weekly South Central  Region Natural Gas Working Underground Storage (Billion Cubic Feet),1061,BCF
2015-07-31,R33,NA,EPG0,Natural Gas,SWO,Underground Storage - Working Gas,NW2_EPG0_SWO_R33_BCF,Weekly South Central  Region Natural Gas Working Underground Storage (Billion Cubic Feet),1054,BCF
2015-07-24,R33,NA,EPG0,Natural Gas,SWO,Underground Storage - Working Gas,NW2_EPG0_SWO_R33_BCF,Weekly South Central  Region Natural Gas Working Underground Storage (Billion Cubic Feet),1059,BCF
2015-07-17,R33,NA,EPG0,Natural Gas,SWO,Underground Storage - Working Gas,NW2_EPG0_SWO_R33_BCF,Weekly South Central  Region Natural Gas Working Underground Storage (Billion Cubic Feet),1056,BCF
2015-07-10,R33,NA,EPG0,Natural Gas,SWO,Underground Storage - Working Gas,NW2_EPG0_SWO_R33_BCF,Weekly South Central  Region Natural Gas Working Underground Storage (Billion Cubic Feet),1045,BCF
2015-07-03,R33,NA,EPG0,Natural Gas,SWO,Underground Storage - Working Gas,NW2_EPG0_SWO_R33_BCF,Weekly South Central  Region Natural Gas Working Underground Storage (Billion Cubic Feet),1013,BCF
2015-06-26,R33,NA,EPG0,Natural Gas,SWO,Underground Storage - Working Gas,NW2_EPG0_SWO_R33_BCF,Weekly South Central  Region Natural Gas Working Underground Storage (Billion Cubic Feet),993,BCF
2015-06-19,R33,NA,EPG0,Natural Gas,SWO,Underground Storage - Working Gas,NW2_EPG0_SWO_R33_BCF,Weekly South Central  Region Natural Gas Working Underground Storage (Billion Cubic Feet),982,BCF
2015-06-12,R33,NA,EPG0,Natural Gas,SWO,Underground Storage - Working Gas,NW2_EPG0_SWO_R33_BCF,Weekly South Central  Region Natural Gas Working Underground Storage (Billion Cubic Feet),968,BCF
2015-06-05,R33,NA,EPG0,Natural Gas,SWO,Underground Storage - Working Gas,NW2_EPG0_SWO_R33_BCF,Weekly South Central  Region Natural Gas Working Underground Storage (Billion Cubic Feet),946,BCF
2015-05-29,R33,NA,EPG0,Natural Gas,SWO,Underground Storage - Working Gas,NW2_EPG0_SWO_R33_BCF,Weekly South Central  Region Natural Gas Working Underground Storage (Billion Cubic Feet),910,BCF
2015-05-22,R33,NA,EPG0,Natural Gas,SWO,Underground Storage - Working Gas,NW2_EPG0_SWO_R33_BCF,Weekly South Central  Region Natural Gas Working Underground Storage (Billion Cubic Feet),866,BCF
2015-05-15,R33,NA,EPG0,Natural Gas,SWO,Underground Storage - Working Gas,NW2_EPG0_SWO_R33_BCF,Weekly South Central  Region Natural Gas Working Underground Storage (Billion Cubic Feet),832,BCF
2015-05-08,R33,NA,EPG0,Natural Gas,SWO,Underground Storage - Working Gas,NW2_EPG0_SWO_R33_BCF,Weekly South Central  Region Natural Gas Working Underground Storage (Billion Cubic Feet),802,BCF
2015-05-01,R33,NA,EPG0,Natural Gas,SWO,Underground Storage - Working Gas,NW2_EPG0_SWO_R33_BCF,Weekly South Central  Region Natural Gas Working Underground Storage (Billion Cubic Feet),758,BCF
2015-04-24,R33,NA,EPG0,Natural Gas,SWO,Underground Storage - Working Gas,NW2_EPG0_SWO_R33_BCF,Weekly South Central  Region Natural Gas Working Underground Storage (Billion Cubic Feet),721,BCF
2015-04-17,R33,NA,EPG0,Natural Gas,SWO,Underground Storage - Working Gas,NW2_EPG0_SWO_R33_BCF,Weekly South Central  Region Natural Gas Working Underground Storage (Billion Cubic Feet),681,BCF
2015-04-10,R33,NA,EPG0,Natural Gas,SWO,Underground Storage - Working Gas,NW2_EPG0_SWO_R33_BCF,Weekly South Central  Region Natural Gas Working Underground Storage (Billion Cubic Feet),637,BCF
2015-04-03,R33,NA,EPG0,Natural Gas,SWO,Underground Storage - Working Gas,NW2_EPG0_SWO_R33_BCF,Weekly South Central  Region Natural Gas Working Underground Storage (Billion Cubic Feet),588,BCF
2015-03-27,R33,NA,EPG0,Natural Gas,SWO,Underground Storage - Working Gas,NW2_EPG0_SWO_R33_BCF,Weekly South Central  Region Natural Gas Working Underground Storage (Billion Cubic Feet),562,BCF
2015-03-20,R33,NA,EPG0,Natural Gas,SWO,Underground Storage - Working Gas,NW2_EPG0_SWO_R33_BCF,Weekly South Central  Region Natural Gas Working Underground Storage (Billion Cubic Feet),548,BCF
2015-03-13,R33,NA,EPG0,Natural Gas,SWO,Underground Storage - Working Gas,NW2_EPG0_SWO_R33_BCF,Weekly South Central  Region Natural Gas Working Underground Storage (Billion Cubic Feet),522,BCF
2015-03-06,R33,NA,EPG0,Natural Gas,SWO,Underground Storage - Working Gas,NW2_EPG0_SWO_R33_BCF,Weekly South Central  Region Natural Gas Working Underground Storage (Billion Cubic Feet),528,BCF
2015-02-27,R33,NA,EPG0,Natural Gas,SWO,Underground Storage - Working Gas,NW2_EPG0_SWO_R33_BCF,Weekly South Central  Region Natural Gas Working Underground Storage (Billion Cubic Feet),606,BCF
2015-02-20,R33,NA,EPG0,Natural Gas,SWO,Underground Storage - Working Gas,NW2_EPG0_SWO_R33_BCF,Weekly South Central  Region Natural Gas Working Underground Storage (Billion Cubic Feet),696,BCF
2015-02-13,R33,NA,EPG0,Natural Gas,SWO,Underground Storage - Working Gas,NW2_EPG0_SWO_R33_BCF,Weekly South Central  Region Natural Gas Working Underground Storage (Billion Cubic Feet),771,BCF
2015-02-06,R33,NA,EPG0,Natural Gas,SWO,Underground Storage - Working Gas,NW2_EPG0_SWO_R33_BCF,Weekly South Central  Region Natural Gas Working Underground Storage (Billion Cubic Feet),791,BCF
2015-01-30,R33,NA,EPG0,Natural Gas,SWO,Underground Storage - Working Gas,NW2_EPG0_SWO_R33_BCF,Weekly South Central  Region Natural Gas Working Underground Storage (Billion Cubic Feet),838,BCF
2015-01-23,R33,NA,EPG0,Natural Gas,SWO,Underground Storage - Working Gas,NW2_EPG0_SWO_R33_BCF,Weekly South Central  Region Natural Gas Working Underground Storage (Billion Cubic Feet),862,BCF
2015-01-16,R33,NA,EPG0,Natural Gas,SWO,Underground Storage - Working Gas,NW2_EPG0_SWO_R33_BCF,Weekly South Central  Region Natural Gas Working Underground Storage (Billion Cubic Feet),878,BCF
2015-01-09,R33,NA,EPG0,Natural Gas,SWO,Underground Storage - Working Gas,NW2_EPG0_SWO_R33_BCF,Weekly South Central  Region Natural Gas Working Underground Storage (Billion Cubic Feet),960,BCF
2015-01-02,R33,NA,EPG0,Natural Gas,SWO,Underground Storage - Working Gas,NW2_EPG0_SWO_R33_BCF,Weekly South Central  Region Natural Gas Working Underground Storage (Billion Cubic Feet),1040,BCF
2014-12-26,R33,NA,EPG0,Natural Gas,SWO,Underground Storage - Working Gas,NW2_EPG0_SWO_R33_BCF,Weekly South Central  Region Natural Gas Working Underground Storage (Billion Cubic Feet),1072,BCF
2014-12-19,R33,NA,EPG0,Natural Gas,SWO,Underground Storage - Working Gas,NW2_EPG0_SWO_R33_BCF,Weekly South Central  Region Natural Gas Working Underground Storage (Billion Cubic Feet),1070,BCF
2014-12-12,R33,NA,EPG0,Natural Gas,SWO,Underground Storage - Working Gas,NW2_EPG0_SWO_R33_BCF,Weekly South Central  Region Natural Gas Working Underground Storage (Billion Cubic Feet),1073,BCF
2014-12-05,R33,NA,EPG0,Natural Gas,SWO,Underground Storage - Working Gas,NW2_EPG0_SWO_R33_BCF,Weekly South Central  Region Natural Gas Working Underground Storage (Billion Cubic Feet),1083,BCF
2014-11-28,R33,NA,EPG0,Natural Gas,SWO,Underground Storage - Working Gas,NW2_EPG0_SWO_R33_BCF,Weekly South Central  Region Natural Gas Working Underground Storage (Billion Cubic Feet),1076,BCF
2014-11-21,R33,NA,EPG0,Natural Gas,SWO,Underground Storage - Working Gas,NW2_EPG0_SWO_R33_BCF,Weekly South Central  Region Natural Gas Working Underground Storage (Billion Cubic Feet),1065,BCF
2014-11-14,R33,NA,EPG0,Natural Gas,SWO,Underground Storage - Working Gas,NW2_EPG0_SWO_R33_BCF,Weekly South Central  Region Natural Gas Working Underground Storage (Billion Cubic Feet),1119,BCF
2014-11-07,R33,NA,EPG0,Natural Gas,SWO,Underground Storage - Working Gas,NW2_EPG0_SWO_R33_BCF,Weekly South Central  Region Natural Gas Working Underground Storage (Billion Cubic Feet),1119,BCF
2014-10-31,R33,NA,EPG0,Natural Gas,SWO,Underground Storage - Working Gas,NW2_EPG0_SWO_R33_BCF,Weekly South Central  Region Natural Gas Working Underground Storage (Billion Cubic Feet),1091,BCF
2014-10-24,R33,NA,EPG0,Natural Gas,SWO,Underground Storage - Working Gas,NW2_EPG0_SWO_R33_BCF,Weekly South Central  Region Natural Gas Working Underground Storage (Billion Cubic Feet),1052,BCF
2014-10-17,R33,NA,EPG0,Natural Gas,SWO,Underground Storage - Working Gas,NW2_EPG0_SWO_R33_BCF,Weekly South Central  Region Natural Gas Working Underground Storage (Billion Cubic Feet),1014,BCF
2014-10-10,R33,NA,EPG0,Natural Gas,SWO,Underground Storage - Working Gas,NW2_EPG0_SWO_R33_BCF,Weekly South Central  Region Natural Gas Working Underground Storage (Billion Cubic Feet),976,BCF
2014-10-03,R33,NA,EPG0,Natural Gas,SWO,Underground Storage - Working Gas,NW2_EPG0_SWO_R33_BCF,Weekly South Central  Region Natural Gas Working Underground Storage (Billion Cubic Feet),942,BCF
2014-09-26,R33,NA,EPG0,Natural Gas,SWO,Underground Storage - Working Gas,NW2_EPG0_SWO_R33_BCF,Weekly South Central  Region Natural Gas Working Underground Storage (Billion Cubic Feet),910,BCF
2014-09-19,R33,NA,EPG0,Natural Gas,SWO,Underground Storage - Working Gas,NW2_EPG0_SWO_R33_BCF,Weekly South Central  Region Natural Gas Working Underground Storage (Billion Cubic Feet),874,BCF
2014-09-12,R33,NA,EPG0,Natural Gas,SWO,Underground Storage - Working Gas,NW2_EPG0_SWO_R33_BCF,Weekly South Central  Region Natural Gas Working Underground Storage (Billion Cubic Feet),843,BCF
2014-09-05,R33,NA,EPG0,Natural Gas,SWO,Underground Storage - Working Gas,NW2_EPG0_SWO_R33_BCF,Weekly South Central  Region Natural Gas Working Underground Storage (Billion Cubic Feet),817,BCF
2014-08-29,R33,NA,EPG0,Natural Gas,SWO,Underground Storage - Working Gas,NW2_EPG0_SWO_R33_BCF,Weekly South Central  Region Natural Gas Working Underground Storage (Billion Cubic Feet),798,BCF
2014-08-22,R33,NA,EPG0,Natural Gas,SWO,Underground Storage - Working Gas,NW2_EPG0_SWO_R33_BCF,Weekly South Central  Region Natural Gas Working Underground Storage (Billion Cubic Feet),788,BCF
2014-08-15,R33,NA,EPG0,Natural Gas,SWO,Underground Storage - Working Gas,NW2_EPG0_SWO_R33_BCF,Weekly South Central  Region Natural Gas Working Underground Storage (Billion Cubic Feet),782,BCF
2014-08-08,R33,NA,EPG0,Natural Gas,SWO,Underground Storage - Working Gas,NW2_EPG0_SWO_R33_BCF,Weekly South Central  Region Natural Gas Working Underground Storage (Billion Cubic Feet),768,BCF
2014-08-01,R33,NA,EPG0,Natural Gas,SWO,Underground Storage - Working Gas,NW2_EPG0_SWO_R33_BCF,Weekly South Central  Region Natural Gas Working Underground Storage (Billion Cubic Feet),758,BCF
2014-07-25,R33,NA,EPG0,Natural Gas,SWO,Underground Storage - Working Gas,NW2_EPG0_SWO_R33_BCF,Weekly South Central  Region Natural Gas Working Underground Storage (Billion Cubic Feet),744,BCF
2014-07-18,R33,NA,EPG0,Natural Gas,SWO,Underground Storage - Working Gas,NW2_EPG0_SWO_R33_BCF,Weekly South Central  Region Natural Gas Working Underground Storage (Billion Cubic Feet),725,BCF
2014-07-11,R33,NA,EPG0,Natural Gas,SWO,Underground Storage - Working Gas,NW2_EPG0_SWO_R33_BCF,Weekly South Central  Region Natural Gas Working Underground Storage (Billion Cubic Feet),702,BCF
2014-07-04,R33,NA,EPG0,Natural Gas,SWO,Underground Storage - Working Gas,NW2_EPG0_SWO_R33_BCF,Weekly South Central  Region Natural Gas Working Underground Storage (Billion Cubic Feet),674,BCF
2014-06-27,R33,NA,EPG0,Natural Gas,SWO,Underground Storage - Working Gas,NW2_EPG0_SWO_R33_BCF,Weekly South Central  Region Natural Gas Working Underground Storage (Billion Cubic Feet),650,BCF
2014-06-20,R33,NA,EPG0,Natural Gas,SWO,Underground Storage - Working Gas,NW2_EPG0_SWO_R33_BCF,Weekly South Central  Region Natural Gas Working Underground Storage (Billion Cubic Feet),632,BCF
2014-06-13,R33,NA,EPG0,Natural Gas,SWO,Underground Storage - Working Gas,NW2_EPG0_SWO_R33_BCF,Weekly South Central  Region Natural Gas Working Underground Storage (Billion Cubic Feet),608,BCF
2014-06-06,R33,NA,EPG0,Natural Gas,SWO,Underground Storage - Working Gas,NW2_EPG0_SWO_R33_BCF,Weekly South Central  Region Natural Gas Working Underground Storage (Billion Cubic Feet),581,BCF
2014-05-30,R33,NA,EPG0,Natural Gas,SWO,Underground Storage - Working Gas,NW2_EPG0_SWO_R33_BCF,Weekly South Central  Region Natural Gas Working Underground Storage (Billion Cubic Feet),553,BCF
2014-05-23,R33,NA,EPG0,Natural Gas,SWO,Underground Storage - Working Gas,NW2_EPG0_SWO_R33_BCF,Weekly South Central  Region Natural Gas Working Underground Storage (Billion Cubic Feet),522,BCF
2014-05-16,R33,NA,EPG0,Natural Gas,SWO,Underground Storage - Working Gas,NW2_EPG0_SWO_R33_BCF,Weekly South Central  Region Natural Gas Working Underground Storage (Billion Cubic Feet),491,BCF
2014-05-09,R33,NA,EPG0,Natural Gas,SWO,Underground Storage - Working Gas,NW2_EPG0_SWO_R33_BCF,Weekly South Central  Region Natural Gas Working Underground Storage (Billion Cubic Feet),462,BCF
2014-05-02,R33,NA,EPG0,Natural Gas,SWO,Underground Storage - Working Gas,NW2_EPG0_SWO_R33_BCF,Weekly South Central  Region Natural Gas Working Underground Storage (Billion Cubic Feet),434,BCF
2014-04-25,R33,NA,EPG0,Natural Gas,SWO,Underground Storage - Working Gas,NW2_EPG0_SWO_R33_BCF,Weekly South Central  Region Natural Gas Working Underground Storage (Billion Cubic Feet),408,BCF
2014-04-18,R33,NA,EPG0,Natural Gas,SWO,Underground Storage - Working Gas,NW2_EPG0_SWO_R33_BCF,Weekly South Central  Region Natural Gas Working Underground Storage (Billion Cubic Feet),373,BCF
2014-04-11,R33,NA,EPG0,Natural Gas,SWO,Underground Storage - Working Gas,NW2_EPG0_SWO_R33_BCF,Weekly South Central  Region Natural Gas Working Underground Storage (Billion Cubic Feet),351,BCF
2014-04-04,R33,NA,EPG0,Natural Gas,SWO,Underground Storage - Working Gas,NW2_EPG0_SWO_R33_BCF,Weekly South Central  Region Natural Gas Working Underground Storage (Billion Cubic Feet),341,BCF
2014-03-28,R33,NA,EPG0,Natural Gas,SWO,Underground Storage - Working Gas,NW2_EPG0_SWO_R33_BCF,Weekly South Central  Region Natural Gas Working Underground Storage (Billion Cubic Feet),332,BCF
2014-03-21,R33,NA,EPG0,Natural Gas,SWO,Underground Storage - Working Gas,NW2_EPG0_SWO_R33_BCF,Weekly South Central  Region Natural Gas Working Underground Storage (Billion Cubic Feet),354,BCF
2014-03-14,R33,NA,EPG0,Natural Gas,SWO,Underground Storage - Working Gas,NW2_EPG0_SWO_R33_BCF,Weekly South Central  Region Natural Gas Working Underground Storage (Billion Cubic Feet),369,BCF
2014-03-07,R33,NA,EPG0,Natural Gas,SWO,Underground Storage - Working Gas,NW2_EPG0_SWO_R33_BCF,Weekly South Central  Region Natural Gas Working Underground Storage (Billion Cubic Feet),381,BCF
2014-02-28,R33,NA,EPG0,Natural Gas,SWO,Underground Storage - Working Gas,NW2_EPG0_SWO_R33_BCF,Weekly South Central  Region Natural Gas Working Underground Storage (Billion Cubic Feet),459,BCF
2014-02-21,R33,NA,EPG0,Natural Gas,SWO,Underground Storage - Working Gas,NW2_EPG0_SWO_R33_BCF,Weekly South Central  Region Natural Gas Working Underground Storage (Billion Cubic Feet),500,BCF
2014-02-14,R33,NA,EPG0,Natural Gas,SWO,Underground Storage - Working Gas,NW2_EPG0_SWO_R33_BCF,Weekly South Central  Region Natural Gas Working Underground Storage (Billion Cubic Feet),504,BCF
2014-02-07,R33,NA,EPG0,Natural Gas,SWO,Underground Storage - Working Gas,NW2_EPG0_SWO_R33_BCF,Weekly South Central  Region Natural Gas Working Underground Storage (Billion Cubic Feet),593,BCF
2014-01-31,R33,NA,EPG0,Natural Gas,SWO,Underground Storage - Working Gas,NW2_EPG0_SWO_R33_BCF,Weekly South Central  Region Natural Gas Working Underground Storage (Billion Cubic Feet),674,BCF
2014-01-24,R33,NA,EPG0,Natural Gas,SWO,Underground Storage - Working Gas,NW2_EPG0_SWO_R33_BCF,Weekly South Central  Region Natural Gas Working Underground Storage (Billion Cubic Feet),765,BCF
2014-01-17,R33,NA,EPG0,Natural Gas,SWO,Underground Storage - Working Gas,NW2_EPG0_SWO_R33_BCF,Weekly South Central  Region Natural Gas Working Underground Storage (Billion Cubic Feet),857,BCF
2014-01-10,R33,NA,EPG0,Natural Gas,SWO,Underground Storage - Working Gas,NW2_EPG0_SWO_R33_BCF,Weekly South Central  Region Natural Gas Working Underground Storage (Billion Cubic Feet),881,BCF
2014-01-03,R33,NA,EPG0,Natural Gas,SWO,Underground Storage - Working Gas,NW2_EPG0_SWO_R33_BCF,Weekly South Central  Region Natural Gas Working Underground Storage (Billion Cubic Feet),986,BCF
2013-12-27,R33,NA,EPG0,Natural Gas,SWO,Underground Storage - Working Gas,NW2_EPG0_SWO_R33_BCF,Weekly South Central  Region Natural Gas Working Underground Storage (Billion Cubic Feet),1028,BCF
2013-12-20,R33,NA,EPG0,Natural Gas,SWO,Underground Storage - Working Gas,NW2_EPG0_SWO_R33_BCF,Weekly South Central  Region Natural Gas Working Underground Storage (Billion Cubic Feet),1041,BCF
2013-12-13,R33,NA,EPG0,Natural Gas,SWO,Underground Storage - Working Gas,NW2_EPG0_SWO_R33_BCF,Weekly South Central  Region Natural Gas Working Underground Storage (Billion Cubic Feet),1082,BCF
2013-12-06,R33,NA,EPG0,Natural Gas,SWO,Underground Storage - Working Gas,NW2_EPG0_SWO_R33_BCF,Weekly South Central  Region Natural Gas Working Underground Storage (Billion Cubic Feet),1179,BCF
2013-11-29,R33,NA,EPG0,Natural Gas,SWO,Underground Storage - Working Gas,NW2_EPG0_SWO_R33_BCF,Weekly South Central  Region Natural Gas Working Underground Storage (Billion Cubic Feet),1188,BCF
2013-11-22,R33,NA,EPG0,Natural Gas,SWO,Underground Storage - Working Gas,NW2_EPG0_SWO_R33_BCF,Weekly South Central  Region Natural Gas Working Underground Storage (Billion Cubic Feet),1255,BCF
2013-11-15,R33,NA,EPG0,Natural Gas,SWO,Underground Storage - Working Gas,NW2_EPG0_SWO_R33_BCF,Weekly South Central  Region Natural Gas Working Underground Storage (Billion Cubic Feet),1249,BCF
2013-11-08,R33,NA,EPG0,Natural Gas,SWO,Underground Storage - Working Gas,NW2_EPG0_SWO_R33_BCF,Weekly South Central  Region Natural Gas Working Underground Storage (Billion Cubic Feet),1262,BCF
2013-11-01,R33,NA,EPG0,Natural Gas,SWO,Underground Storage - Working Gas,NW2_EPG0_SWO_R33_BCF,Weekly South Central  Region Natural Gas Working Underground Storage (Billion Cubic Feet),1252,BCF
2013-10-25,R33,NA,EPG0,Natural Gas,SWO,Underground Storage - Working Gas,NW2_EPG0_SWO_R33_BCF,Weekly South Central  Region Natural Gas Working Underground Storage (Billion Cubic Feet),1230,BCF
2013-10-18,R33,NA,EPG0,Natural Gas,SWO,Underground Storage - Working Gas,NW2_EPG0_SWO_R33_BCF,Weekly South Central  Region Natural Gas Working Underground Storage (Billion Cubic Feet),1211,BCF
2013-10-11,R33,NA,EPG0,Natural Gas,SWO,Underground Storage - Working Gas,NW2_EPG0_SWO_R33_BCF,Weekly South Central  Region Natural Gas Working Underground Storage (Billion Cubic Feet),1179,BCF
2013-10-04,R33,NA,EPG0,Natural Gas,SWO,Underground Storage - Working Gas,NW2_EPG0_SWO_R33_BCF,Weekly South Central  Region Natural Gas Working Underground Storage (Billion Cubic Feet),1156,BCF
2013-09-27,R33,NA,EPG0,Natural Gas,SWO,Underground Storage - Working Gas,NW2_EPG0_SWO_R33_BCF,Weekly South Central  Region Natural Gas Working Underground Storage (Billion Cubic Feet),1126,BCF
2013-09-20,R33,NA,EPG0,Natural Gas,SWO,Underground Storage - Working Gas,NW2_EPG0_SWO_R33_BCF,Weekly South Central  Region Natural Gas Working Underground Storage (Billion Cubic Feet),1094,BCF
2013-09-13,R33,NA,EPG0,Natural Gas,SWO,Underground Storage - Working Gas,NW2_EPG0_SWO_R33_BCF,Weekly South Central  Region Natural Gas Working Underground Storage (Billion Cubic Feet),1069,BCF
2013-09-06,R33,NA,EPG0,Natural Gas,SWO,Underground Storage - Working Gas,NW2_EPG0_SWO_R33_BCF,Weekly South Central  Region Natural Gas Working Underground Storage (Billion Cubic Feet),1067,BCF
2013-08-30,R33,NA,EPG0,Natural Gas,SWO,Underground Storage - Working Gas,NW2_EPG0_SWO_R33_BCF,Weekly South Central  Region Natural Gas Working Underground Storage (Billion Cubic Feet),1052,BCF
2013-08-23,R33,NA,EPG0,Natural Gas,SWO,Underground Storage - Working Gas,NW2_EPG0_SWO_R33_BCF,Weekly South Central  Region Natural Gas Working Underground Storage (Billion Cubic Feet),1041,BCF
2013-08-16,R33,NA,EPG0,Natural Gas,SWO,Underground Storage - Working Gas,NW2_EPG0_SWO_R33_BCF,Weekly South Central  Region Natural Gas Working Underground Storage (Billion Cubic Feet),1024,BCF
2013-08-09,R33,NA,EPG0,Natural Gas,SWO,Underground Storage - Working Gas,NW2_EPG0_SWO_R33_BCF,Weekly South Central  Region Natural Gas Working Underground Storage (Billion Cubic Feet),1020,BCF
2013-08-02,R33,NA,EPG0,Natural Gas,SWO,Underground Storage - Working Gas,NW2_EPG0_SWO_R33_BCF,Weekly South Central  Region Natural Gas Working Underground Storage (Billion Cubic Feet),1015,BCF
2013-07-26,R33,NA,EPG0,Natural Gas,SWO,Underground Storage - Working Gas,NW2_EPG0_SWO_R33_BCF,Weekly South Central  Region Natural Gas Working Underground Storage (Billion Cubic Feet),1001,BCF
2013-07-19,R33,NA,EPG0,Natural Gas,SWO,Underground Storage - Working Gas,NW2_EPG0_SWO_R33_BCF,Weekly South Central  Region Natural Gas Working Underground Storage (Billion Cubic Feet),990,BCF
2013-07-12,R33,NA,EPG0,Natural Gas,SWO,Underground Storage - Working Gas,NW2_EPG0_SWO_R33_BCF,Weekly South Central  Region Natural Gas Working Underground Storage (Billion Cubic Feet),979,BCF
2013-07-05,R33,NA,EPG0,Natural Gas,SWO,Underground Storage - Working Gas,NW2_EPG0_SWO_R33_BCF,Weekly South Central  Region Natural Gas Working Underground Storage (Billion Cubic Feet),963,BCF
2013-06-28,R33,NA,EPG0,Natural Gas,SWO,Underground Storage - Working Gas,NW2_EPG0_SWO_R33_BCF,Weekly South Central  Region Natural Gas Working Underground Storage (Billion Cubic Feet),936,BCF
2013-06-21,R33,NA,EPG0,Natural Gas,SWO,Underground Storage - Working Gas,NW2_EPG0_SWO_R33_BCF,Weekly South Central  Region Natural Gas Working Underground Storage (Billion Cubic Feet),922,BCF
2013-06-14,R33,NA,EPG0,Natural Gas,SWO,Underground Storage - Working Gas,NW2_EPG0_SWO_R33_BCF,Weekly South Central  Region Natural Gas Working Underground Storage (Billion Cubic Feet),898,BCF
2013-06-07,R33,NA,EPG0,Natural Gas,SWO,Underground Storage - Working Gas,NW2_EPG0_SWO_R33_BCF,Weekly South Central  Region Natural Gas Working Underground Storage (Billion Cubic Feet),877,BCF
2013-05-31,R33,NA,EPG0,Natural Gas,SWO,Underground Storage - Working Gas,NW2_EPG0_SWO_R33_BCF,Weekly South Central  Region Natural Gas Working Underground Storage (Billion Cubic Feet),852,BCF
2013-05-24,R33,NA,EPG0,Natural Gas,SWO,Underground Storage - Working Gas,NW2_EPG0_SWO_R33_BCF,Weekly South Central  Region Natural Gas Working Underground Storage (Billion Cubic Feet),815,BCF
2013-05-17,R33,NA,EPG0,Natural Gas,SWO,Underground Storage - Working Gas,NW2_EPG0_SWO_R33_BCF,Weekly South Central  Region Natural Gas Working Underground Storage (Billion Cubic Feet),792,BCF
2013-05-10,R33,NA,EPG0,Natural Gas,SWO,Underground Storage - Working Gas,NW2_EPG0_SWO_R33_BCF,Weekly South Central  Region Natural Gas Working Underground Storage (Billion Cubic Feet),760,BCF
2013-05-03,R33,NA,EPG0,Natural Gas,SWO,Underground Storage - Working Gas,NW2_EPG0_SWO_R33_BCF,Weekly South Central  Region Natural Gas Working Underground Storage (Billion Cubic Feet),728,BCF
2013-04-26,R33,NA,EPG0,Natural Gas,SWO,Underground Storage - Working Gas,NW2_EPG0_SWO_R33_BCF,Weekly South Central  Region Natural Gas Working Underground Storage (Billion Cubic Feet),697,BCF
2013-04-19,R33,NA,EPG0,Natural Gas,SWO,Underground Storage - Working Gas,NW2_EPG0_SWO_R33_BCF,Weekly South Central  Region Natural Gas Working Underground Storage (Billion Cubic Feet),676,BCF
2013-04-12,R33,NA,EPG0,Natural Gas,SWO,Underground Storage - Working Gas,NW2_EPG0_SWO_R33_BCF,Weekly South Central  Region Natural Gas Working Underground Storage (Billion Cubic Feet),666,BCF
2013-04-05,R33,NA,EPG0,Natural Gas,SWO,Underground Storage - Working Gas,NW2_EPG0_SWO_R33_BCF,Weekly South Central  Region Natural Gas Working Underground Storage (Billion Cubic Feet),654,BCF
2013-03-29,R33,NA,EPG0,Natural Gas,SWO,Underground Storage - Working Gas,NW2_EPG0_SWO_R33_BCF,Weekly South Central  Region Natural Gas Working Underground Storage (Billion Cubic Feet),659,BCF
2013-03-22,R33,NA,EPG0,Natural Gas,SWO,Underground Storage - Working Gas,NW2_EPG0_SWO_R33_BCF,Weekly South Central  Region Natural Gas Working Underground Storage (Billion Cubic Feet),700,BCF
2013-03-15,R33,NA,EPG0,Natural Gas,SWO,Underground Storage - Working Gas,NW2_EPG0_SWO_R33_BCF,Weekly South Central  Region Natural Gas Working Underground Storage (Billion Cubic Feet),717,BCF
2013-03-08,R33,NA,EPG0,Natural Gas,SWO,Underground Storage - Working Gas,NW2_EPG0_SWO_R33_BCF,Weekly South Central  Region Natural Gas Working Underground Storage (Billion Cubic Feet),732,BCF
2013-03-01,R33,NA,EPG0,Natural Gas,SWO,Underground Storage - Working Gas,NW2_EPG0_SWO_R33_BCF,Weekly South Central  Region Natural Gas Working Underground Storage (Billion Cubic Feet),780,BCF
2013-02-22,R33,NA,EPG0,Natural Gas,SWO,Underground Storage - Working Gas,NW2_EPG0_SWO_R33_BCF,Weekly South Central  Region Natural Gas Working Underground Storage (Billion Cubic Feet),838,BCF
2013-02-15,R33,NA,EPG0,Natural Gas,SWO,Underground Storage - Working Gas,NW2_EPG0_SWO_R33_BCF,Weekly South Central  Region Natural Gas Working Underground Storage (Billion Cubic Feet),887,BCF
2013-02-08,R33,NA,EPG0,Natural Gas,SWO,Underground Storage - Working Gas,NW2_EPG0_SWO_R33_BCF,Weekly South Central  Region Natural Gas Working Underground Storage (Billion Cubic Feet),921,BCF
2013-02-01,R33,NA,EPG0,Natural Gas,SWO,Underground Storage - Working Gas,NW2_EPG0_SWO_R33_BCF,Weekly South Central  Region Natural Gas Working Underground Storage (Billion Cubic Feet),954,BCF
2013-01-25,R33,NA,EPG0,Natural Gas,SWO,Underground Storage - Working Gas,NW2_EPG0_SWO_R33_BCF,Weekly South Central  Region Natural Gas Working Underground Storage (Billion Cubic Feet),973,BCF
2013-01-18,R33,NA,EPG0,Natural Gas,SWO,Underground Storage - Working Gas,NW2_EPG0_SWO_R33_BCF,Weekly South Central  Region Natural Gas Working Underground Storage (Billion Cubic Feet),1020,BCF
2013-01-11,R33,NA,EPG0,Natural Gas,SWO,Underground Storage - Working Gas,NW2_EPG0_SWO_R33_BCF,Weekly South Central  Region Natural Gas Working Underground Storage (Billion Cubic Feet),1072,BCF
2013-01-04,R33,NA,EPG0,Natural Gas,SWO,Underground Storage - Working Gas,NW2_EPG0_SWO_R33_BCF,Weekly South Central  Region Natural Gas Working Underground Storage (Billion Cubic Feet),1111,BCF
2012-12-28,R33,NA,EPG0,Natural Gas,SWO,Underground Storage - Working Gas,NW2_EPG0_SWO_R33_BCF,Weekly South Central  Region Natural Gas Working Underground Storage (Billion Cubic Feet),1170,BCF
2012-12-21,R33,NA,EPG0,Natural Gas,SWO,Underground Storage - Working Gas,NW2_EPG0_SWO_R33_BCF,Weekly South Central  Region Natural Gas Working Underground Storage (Billion Cubic Feet),1206,BCF
2012-12-14,R33,NA,EPG0,Natural Gas,SWO,Underground Storage - Working Gas,NW2_EPG0_SWO_R33_BCF,Weekly South Central  Region Natural Gas Working Underground Storage (Billion Cubic Feet),1216,BCF
2012-12-07,R33,NA,EPG0,Natural Gas,SWO,Underground Storage - Working Gas,NW2_EPG0_SWO_R33_BCF,Weekly South Central  Region Natural Gas Working Underground Storage (Billion Cubic Feet),1240,BCF
2012-11-30,R33,NA,EPG0,Natural Gas,SWO,Underground Storage - Working Gas,NW2_EPG0_SWO_R33_BCF,Weekly South Central  Region Natural Gas Working Underground Storage (Billion Cubic Feet),1228,BCF
2012-11-23,R33,NA,EPG0,Natural Gas,SWO,Underground Storage - Working Gas,NW2_EPG0_SWO_R33_BCF,Weekly South Central  Region Natural Gas Working Underground Storage (Billion Cubic Feet),1241,BCF
2012-11-16,R33,NA,EPG0,Natural Gas,SWO,Underground Storage - Working Gas,NW2_EPG0_SWO_R33_BCF,Weekly South Central  Region Natural Gas Working Underground Storage (Billion Cubic Feet),1230,BCF
2012-11-09,R33,NA,EPG0,Natural Gas,SWO,Underground Storage - Working Gas,NW2_EPG0_SWO_R33_BCF,Weekly South Central  Region Natural Gas Working Underground Storage (Billion Cubic Feet),1242,BCF
2012-11-02,R33,NA,EPG0,Natural Gas,SWO,Underground Storage - Working Gas,NW2_EPG0_SWO_R33_BCF,Weekly South Central  Region Natural Gas Working Underground Storage (Billion Cubic Feet),1240,BCF
2012-10-26,R33,NA,EPG0,Natural Gas,SWO,Underground Storage - Working Gas,NW2_EPG0_SWO_R33_BCF,Weekly South Central  Region Natural Gas Working Underground Storage (Billion Cubic Feet),1233,BCF
2012-10-19,R33,NA,EPG0,Natural Gas,SWO,Underground Storage - Working Gas,NW2_EPG0_SWO_R33_BCF,Weekly South Central  Region Natural Gas Working Underground Storage (Billion Cubic Feet),1210,BCF
2012-10-12,R33,NA,EPG0,Natural Gas,SWO,Underground Storage - Working Gas,NW2_EPG0_SWO_R33_BCF,Weekly South Central  Region Natural Gas Working Underground Storage (Billion Cubic Feet),1182,BCF
2012-10-05,R33,NA,EPG0,Natural Gas,SWO,Underground Storage - Working Gas,NW2_EPG0_SWO_R33_BCF,Weekly South Central  Region Natural Gas Working Underground Storage (Billion Cubic Feet),1164,BCF
2012-09-28,R33,NA,EPG0,Natural Gas,SWO,Underground Storage - Working Gas,NW2_EPG0_SWO_R33_BCF,Weekly South Central  Region Natural Gas Working Underground Storage (Billion Cubic Feet),1137,BCF
2012-09-21,R33,NA,EPG0,Natural Gas,SWO,Underground Storage - Working Gas,NW2_EPG0_SWO_R33_BCF,Weekly South Central  Region Natural Gas Working Underground Storage (Billion Cubic Feet),1111,BCF
2012-09-14,R33,NA,EPG0,Natural Gas,SWO,Underground Storage - Working Gas,NW2_EPG0_SWO_R33_BCF,Weekly South Central  Region Natural Gas Working Underground Storage (Billion Cubic Feet),1082,BCF
2012-09-07,R33,NA,EPG0,Natural Gas,SWO,Underground Storage - Working Gas,NW2_EPG0_SWO_R33_BCF,Weekly South Central  Region Natural Gas Working Underground Storage (Billion Cubic Feet),1062,BCF
2012-08-31,R33,NA,EPG0,Natural Gas,SWO,Underground Storage - Working Gas,NW2_EPG0_SWO_R33_BCF,Weekly South Central  Region Natural Gas Working Underground Storage (Billion Cubic Feet),1077,BCF
2012-08-24,R33,NA,EPG0,Natural Gas,SWO,Underground Storage - Working Gas,NW2_EPG0_SWO_R33_BCF,Weekly South Central  Region Natural Gas Working Underground Storage (Billion Cubic Feet),1084,BCF
2012-08-17,R33,NA,EPG0,Natural Gas,SWO,Underground Storage - Working Gas,NW2_EPG0_SWO_R33_BCF,Weekly South Central  Region Natural Gas Working Underground Storage (Billion Cubic Feet),1068,BCF
2012-08-10,R33,NA,EPG0,Natural Gas,SWO,Underground Storage - Working Gas,NW2_EPG0_SWO_R33_BCF,Weekly South Central  Region Natural Gas Working Underground Storage (Billion Cubic Feet),1063,BCF
2012-08-03,R33,NA,EPG0,Natural Gas,SWO,Underground Storage - Working Gas,NW2_EPG0_SWO_R33_BCF,Weekly South Central  Region Natural Gas Working Underground Storage (Billion Cubic Feet),1067,BCF
2012-07-27,R33,NA,EPG0,Natural Gas,SWO,Underground Storage - Working Gas,NW2_EPG0_SWO_R33_BCF,Weekly South Central  Region Natural Gas Working Underground Storage (Billion Cubic Feet),1073,BCF
2012-07-20,R33,NA,EPG0,Natural Gas,SWO,Underground Storage - Working Gas,NW2_EPG0_SWO_R33_BCF,Weekly South Central  Region Natural Gas Working Underground Storage (Billion Cubic Feet),1079,BCF
2012-07-13,R33,NA,EPG0,Natural Gas,SWO,Underground Storage - Working Gas,NW2_EPG0_SWO_R33_BCF,Weekly South Central  Region Natural Gas Working Underground Storage (Billion Cubic Feet),1080,BCF
2012-07-06,R33,NA,EPG0,Natural Gas,SWO,Underground Storage - Working Gas,NW2_EPG0_SWO_R33_BCF,Weekly South Central  Region Natural Gas Working Underground Storage (Billion Cubic Feet),1079,BCF
2012-06-29,R33,NA,EPG0,Natural Gas,SWO,Underground Storage - Working Gas,NW2_EPG0_SWO_R33_BCF,Weekly South Central  Region Natural Gas Working Underground Storage (Billion Cubic Feet),1080,BCF
2012-06-22,R33,NA,EPG0,Natural Gas,SWO,Underground Storage - Working Gas,NW2_EPG0_SWO_R33_BCF,Weekly South Central  Region Natural Gas Working Underground Storage (Billion Cubic Feet),1091,BCF
2012-06-15,R33,NA,EPG0,Natural Gas,SWO,Underground Storage - Working Gas,NW2_EPG0_SWO_R33_BCF,Weekly South Central  Region Natural Gas Working Underground Storage (Billion Cubic Feet),1077,BCF
2012-06-08,R33,NA,EPG0,Natural Gas,SWO,Underground Storage - Working Gas,NW2_EPG0_SWO_R33_BCF,Weekly South Central  Region Natural Gas Working Underground Storage (Billion Cubic Feet),1063,BCF
2012-06-01,R33,NA,EPG0,Natural Gas,SWO,Underground Storage - Working Gas,NW2_EPG0_SWO_R33_BCF,Weekly South Central  Region Natural Gas Working Underground Storage (Billion Cubic Feet),1053,BCF
2012-05-25,R33,NA,EPG0,Natural Gas,SWO,Underground Storage - Working Gas,NW2_EPG0_SWO_R33_BCF,Weekly South Central  Region Natural Gas Working Underground Storage (Billion Cubic Feet),1042,BCF
2012-05-18,R33,NA,EPG0,Natural Gas,SWO,Underground Storage - Working Gas,NW2_EPG0_SWO_R33_BCF,Weekly South Central  Region Natural Gas Working Underground Storage (Billion Cubic Feet),1027,BCF
2012-05-11,R33,NA,EPG0,Natural Gas,SWO,Underground Storage - Working Gas,NW2_EPG0_SWO_R33_BCF,Weekly South Central  Region Natural Gas Working Underground Storage (Billion Cubic Feet),1008,BCF
2012-05-04,R33,NA,EPG0,Natural Gas,SWO,Underground Storage - Working Gas,NW2_EPG0_SWO_R33_BCF,Weekly South Central  Region Natural Gas Working Underground Storage (Billion Cubic Feet),1001,BCF
2012-04-27,R33,NA,EPG0,Natural Gas,SWO,Underground Storage - Working Gas,NW2_EPG0_SWO_R33_BCF,Weekly South Central  Region Natural Gas Working Underground Storage (Billion Cubic Feet),1005,BCF
2012-04-20,R33,NA,EPG0,Natural Gas,SWO,Underground Storage - Working Gas,NW2_EPG0_SWO_R33_BCF,Weekly South Central  Region Natural Gas Working Underground Storage (Billion Cubic Feet),1006,BCF
2012-04-13,R33,NA,EPG0,Natural Gas,SWO,Underground Storage - Working Gas,NW2_EPG0_SWO_R33_BCF,Weekly South Central  Region Natural Gas Working Underground Storage (Billion Cubic Feet),1006,BCF
2012-04-06,R33,NA,EPG0,Natural Gas,SWO,Underground Storage - Working Gas,NW2_EPG0_SWO_R33_BCF,Weekly South Central  Region Natural Gas Working Underground Storage (Billion Cubic Feet),1001,BCF
2012-03-30,R33,NA,EPG0,Natural Gas,SWO,Underground Storage - Working Gas,NW2_EPG0_SWO_R33_BCF,Weekly South Central  Region Natural Gas Working Underground Storage (Billion Cubic Feet),1006,BCF
2012-03-23,R33,NA,EPG0,Natural Gas,SWO,Underground Storage - Working Gas,NW2_EPG0_SWO_R33_BCF,Weekly South Central  Region Natural Gas Working Underground Storage (Billion Cubic Feet),980,BCF
2012-03-16,R33,NA,EPG0,Natural Gas,SWO,Underground Storage - Working Gas,NW2_EPG0_SWO_R33_BCF,Weekly South Central  Region Natural Gas Working Underground Storage (Billion Cubic Feet),952,BCF
2012-03-09,R33,NA,EPG0,Natural Gas,SWO,Underground Storage - Working Gas,NW2_EPG0_SWO_R33_BCF,Weekly South Central  Region Natural Gas Working Underground Storage (Billion Cubic Feet),933,BCF
2012-03-02,R33,NA,EPG0,Natural Gas,SWO,Underground Storage - Working Gas,NW2_EPG0_SWO_R33_BCF,Weekly South Central  Region Natural Gas Working Underground Storage (Billion Cubic Feet),934,BCF
2012-02-24,R33,NA,EPG0,Natural Gas,SWO,Underground Storage - Working Gas,NW2_EPG0_SWO_R33_BCF,Weekly South Central  Region Natural Gas Working Underground Storage (Billion Cubic Feet),942,BCF
2012-02-17,R33,NA,EPG0,Natural Gas,SWO,Underground Storage - Working Gas,NW2_EPG0_SWO_R33_BCF,Weekly South Central  Region Natural Gas Working Underground Storage (Billion Cubic Feet),961,BCF
2012-02-10,R33,NA,EPG0,Natural Gas,SWO,Underground Storage - Working Gas,NW2_EPG0_SWO_R33_BCF,Weekly South Central  Region Natural Gas Working Underground Storage (Billion Cubic Feet),1018,BCF
2012-02-03,R33,NA,EPG0,Natural Gas,SWO,Underground Storage - Working Gas,NW2_EPG0_SWO_R33_BCF,Weekly South Central  Region Natural Gas Working Underground Storage (Billion Cubic Feet),1056,BCF
2012-01-27,R33,NA,EPG0,Natural Gas,SWO,Underground Storage - Working Gas,NW2_EPG0_SWO_R33_BCF,Weekly South Central  Region Natural Gas Working Underground Storage (Billion Cubic Feet),1068,BCF
2012-01-20,R33,NA,EPG0,Natural Gas,SWO,Underground Storage - Working Gas,NW2_EPG0_SWO_R33_BCF,Weekly South Central  Region Natural Gas Working Underground Storage (Billion Cubic Feet),1090,BCF
2012-01-13,R33,NA,EPG0,Natural Gas,SWO,Underground Storage - Working Gas,NW2_EPG0_SWO_R33_BCF,Weekly South Central  Region Natural Gas Working Underground Storage (Billion Cubic Feet),1134,BCF
2012-01-06,R33,NA,EPG0,Natural Gas,SWO,Underground Storage - Working Gas,NW2_EPG0_SWO_R33_BCF,Weekly South Central  Region Natural Gas Working Underground Storage (Billion Cubic Feet),1147,BCF
2011-12-30,R33,NA,EPG0,Natural Gas,SWO,Underground Storage - Working Gas,NW2_EPG0_SWO_R33_BCF,Weekly South Central  Region Natural Gas Working Underground Storage (Billion Cubic Feet),1163,BCF
2011-12-23,R33,NA,EPG0,Natural Gas,SWO,Underground Storage - Working Gas,NW2_EPG0_SWO_R33_BCF,Weekly South Central  Region Natural Gas Working Underground Storage (Billion Cubic Feet),1173,BCF
2011-12-16,R33,NA,EPG0,Natural Gas,SWO,Underground Storage - Working Gas,NW2_EPG0_SWO_R33_BCF,Weekly South Central  Region Natural Gas Working Underground Storage (Billion Cubic Feet),1182,BCF
2011-12-09,R33,NA,EPG0,Natural Gas,SWO,Underground Storage - Working Gas,NW2_EPG0_SWO_R33_BCF,Weekly South Central  Region Natural Gas Working Underground Storage (Billion Cubic Feet),1197,BCF
2011-12-02,R33,NA,EPG0,Natural Gas,SWO,Underground Storage - Working Gas,NW2_EPG0_SWO_R33_BCF,Weekly South Central  Region Natural Gas Working Underground Storage (Billion Cubic Feet),1224,BCF
2011-11-25,R33,NA,EPG0,Natural Gas,SWO,Underground Storage - Working Gas,NW2_EPG0_SWO_R33_BCF,Weekly South Central  Region Natural Gas Working Underground Storage (Billion Cubic Feet),1229,BCF
2011-11-18,R33,NA,EPG0,Natural Gas,SWO,Underground Storage - Working Gas,NW2_EPG0_SWO_R33_BCF,Weekly South Central  Region Natural Gas Working Underground Storage (Billion Cubic Feet),1216,BCF
2011-11-11,R33,NA,EPG0,Natural Gas,SWO,Underground Storage - Working Gas,NW2_EPG0_SWO_R33_BCF,Weekly South Central  Region Natural Gas Working Underground Storage (Billion Cubic Feet),1212,BCF
2011-11-04,R33,NA,EPG0,Natural Gas,SWO,Underground Storage - Working Gas,NW2_EPG0_SWO_R33_BCF,Weekly South Central  Region Natural Gas Working Underground Storage (Billion Cubic Feet),1204,BCF
2011-10-28,R33,NA,EPG0,Natural Gas,SWO,Underground Storage - Working Gas,NW2_EPG0_SWO_R33_BCF,Weekly South Central  Region Natural Gas Working Underground Storage (Billion Cubic Feet),1189,BCF
2011-10-21,R33,NA,EPG0,Natural Gas,SWO,Underground Storage - Working Gas,NW2_EPG0_SWO_R33_BCF,Weekly South Central  Region Natural Gas Working Underground Storage (Billion Cubic Feet),1151,BCF
2011-10-14,R33,NA,EPG0,Natural Gas,SWO,Underground Storage - Working Gas,NW2_EPG0_SWO_R33_BCF,Weekly South Central  Region Natural Gas Working Underground Storage (Billion Cubic Feet),1111,BCF
2011-10-07,R33,NA,EPG0,Natural Gas,SWO,Underground Storage - Working Gas,NW2_EPG0_SWO_R33_BCF,Weekly South Central  Region Natural Gas Working Underground Storage (Billion Cubic Feet),1074,BCF
2011-09-30,R33,NA,EPG0,Natural Gas,SWO,Underground Storage - Working Gas,NW2_EPG0_SWO_R33_BCF,Weekly South Central  Region Natural Gas Working Underground Storage (Billion Cubic Feet),1031,BCF
2011-09-23,R33,NA,EPG0,Natural Gas,SWO,Underground Storage - Working Gas,NW2_EPG0_SWO_R33_BCF,Weekly South Central  Region Natural Gas Working Underground Storage (Billion Cubic Feet),1007,BCF
2011-09-16,R33,NA,EPG0,Natural Gas,SWO,Underground Storage - Working Gas,NW2_EPG0_SWO_R33_BCF,Weekly South Central  Region Natural Gas Working Underground Storage (Billion Cubic Feet),975,BCF
2011-09-09,R33,NA,EPG0,Natural Gas,SWO,Underground Storage - Working Gas,NW2_EPG0_SWO_R33_BCF,Weekly South Central  Region Natural Gas Working Underground Storage (Billion Cubic Feet),951,BCF
2011-09-02,R33,NA,EPG0,Natural Gas,SWO,Underground Storage - Working Gas,NW2_EPG0_SWO_R33_BCF,Weekly South Central  Region Natural Gas Working Underground Storage (Billion Cubic Feet),932,BCF
2011-08-26,R33,NA,EPG0,Natural Gas,SWO,Underground Storage - Working Gas,NW2_EPG0_SWO_R33_BCF,Weekly South Central  Region Natural Gas Working Underground Storage (Billion Cubic Feet),929,BCF
2011-08-19,R33,NA,EPG0,Natural Gas,SWO,Underground Storage - Working Gas,NW2_EPG0_SWO_R33_BCF,Weekly South Central  Region Natural Gas Working Underground Storage (Billion Cubic Feet),932,BCF
2011-08-12,R33,NA,EPG0,Natural Gas,SWO,Underground Storage - Working Gas,NW2_EPG0_SWO_R33_BCF,Weekly South Central  Region Natural Gas Working Underground Storage (Billion Cubic Feet),925,BCF
2011-08-05,R33,NA,EPG0,Natural Gas,SWO,Underground Storage - Working Gas,NW2_EPG0_SWO_R33_BCF,Weekly South Central  Region Natural Gas Working Underground Storage (Billion Cubic Feet),933,BCF
2011-07-29,R33,NA,EPG0,Natural Gas,SWO,Underground Storage - Working Gas,NW2_EPG0_SWO_R33_BCF,Weekly South Central  Region Natural Gas Working Underground Storage (Billion Cubic Feet),954,BCF
2011-07-22,R33,NA,EPG0,Natural Gas,SWO,Underground Storage - Working Gas,NW2_EPG0_SWO_R33_BCF,Weekly South Central  Region Natural Gas Working Underground Storage (Billion Cubic Feet),958,BCF
2011-07-15,R33,NA,EPG0,Natural Gas,SWO,Underground Storage - Working Gas,NW2_EPG0_SWO_R33_BCF,Weekly South Central  Region Natural Gas Working Underground Storage (Billion Cubic Feet),966,BCF
2011-07-08,R33,NA,EPG0,Natural Gas,SWO,Underground Storage - Working Gas,NW2_EPG0_SWO_R33_BCF,Weekly South Central  Region Natural Gas Working Underground Storage (Billion Cubic Feet),972,BCF
2011-07-01,R33,NA,EPG0,Natural Gas,SWO,Underground Storage - Working Gas,NW2_EPG0_SWO_R33_BCF,Weekly South Central  Region Natural Gas Working Underground Storage (Billion Cubic Feet),957,BCF
2011-06-24,R33,NA,EPG0,Natural Gas,SWO,Underground Storage - Working Gas,NW2_EPG0_SWO_R33_BCF,Weekly South Central  Region Natural Gas Working Underground Storage (Billion Cubic Feet),941,BCF
2011-06-17,R33,NA,EPG0,Natural Gas,SWO,Underground Storage - Working Gas,NW2_EPG0_SWO_R33_BCF,Weekly South Central  Region Natural Gas Working Underground Storage (Billion Cubic Feet),931,BCF
2011-06-10,R33,NA,EPG0,Natural Gas,SWO,Underground Storage - Working Gas,NW2_EPG0_SWO_R33_BCF,Weekly South Central  Region Natural Gas Working Underground Storage (Billion Cubic Feet),916,BCF
2011-06-03,R33,NA,EPG0,Natural Gas,SWO,Underground Storage - Working Gas,NW2_EPG0_SWO_R33_BCF,Weekly South Central  Region Natural Gas Working Underground Storage (Billion Cubic Feet),910,BCF
2011-05-27,R33,NA,EPG0,Natural Gas,SWO,Underground Storage - Working Gas,NW2_EPG0_SWO_R33_BCF,Weekly South Central  Region Natural Gas Working Underground Storage (Billion Cubic Feet),892,BCF
2011-05-20,R33,NA,EPG0,Natural Gas,SWO,Underground Storage - Working Gas,NW2_EPG0_SWO_R33_BCF,Weekly South Central  Region Natural Gas Working Underground Storage (Billion Cubic Feet),874,BCF
2011-05-13,R33,NA,EPG0,Natural Gas,SWO,Underground Storage - Working Gas,NW2_EPG0_SWO_R33_BCF,Weekly South Central  Region Natural Gas Working Underground Storage (Billion Cubic Feet),837,BCF
2011-05-06,R33,NA,EPG0,Natural Gas,SWO,Underground Storage - Working Gas,NW2_EPG0_SWO_R33_BCF,Weekly South Central  Region Natural Gas Working Underground Storage (Billion Cubic Feet),812,BCF
2011-04-29,R33,NA,EPG0,Natural Gas,SWO,Underground Storage - Working Gas,NW2_EPG0_SWO_R33_BCF,Weekly South Central  Region Natural Gas Working Underground Storage (Billion Cubic Feet),789,BCF
2011-04-22,R33,NA,EPG0,Natural Gas,SWO,Underground Storage - Working Gas,NW2_EPG0_SWO_R33_BCF,Weekly South Central  Region Natural Gas Working Underground Storage (Billion Cubic Feet),766,BCF
2011-04-15,R33,NA,EPG0,Natural Gas,SWO,Underground Storage - Working Gas,NW2_EPG0_SWO_R33_BCF,Weekly South Central  Region Natural Gas Working Underground Storage (Billion Cubic Feet),753,BCF
2011-04-08,R33,NA,EPG0,Natural Gas,SWO,Underground Storage - Working Gas,NW2_EPG0_SWO_R33_BCF,Weekly South Central  Region Natural Gas Working Underground Storage (Billion Cubic Feet),736,BCF
2011-04-01,R33,NA,EPG0,Natural Gas,SWO,Underground Storage - Working Gas,NW2_EPG0_SWO_R33_BCF,Weekly South Central  Region Natural Gas Working Underground Storage (Billion Cubic Feet),716,BCF
2011-03-25,R33,NA,EPG0,Natural Gas,SWO,Underground Storage - Working Gas,NW2_EPG0_SWO_R33_BCF,Weekly South Central  Region Natural Gas Working Underground Storage (Billion Cubic Feet),713,BCF
2011-03-18,R33,NA,EPG0,Natural Gas,SWO,Underground Storage - Working Gas,NW2_EPG0_SWO_R33_BCF,Weekly South Central  Region Natural Gas Working Underground Storage (Billion Cubic Feet),688,BCF
2011-03-11,R33,NA,EPG0,Natural Gas,SWO,Underground Storage - Working Gas,NW2_EPG0_SWO_R33_BCF,Weekly South Central  Region Natural Gas Working Underground Storage (Billion Cubic Feet),674,BCF
2011-03-04,R33,NA,EPG0,Natural Gas,SWO,Underground Storage - Working Gas,NW2_EPG0_SWO_R33_BCF,Weekly South Central  Region Natural Gas Working Underground Storage (Billion Cubic Feet),676,BCF
2011-02-25,R33,NA,EPG0,Natural Gas,SWO,Underground Storage - Working Gas,NW2_EPG0_SWO_R33_BCF,Weekly South Central  Region Natural Gas Working Underground Storage (Billion Cubic Feet),671,BCF
2011-02-18,R33,NA,EPG0,Natural Gas,SWO,Underground Storage - Working Gas,NW2_EPG0_SWO_R33_BCF,Weekly South Central  Region Natural Gas Working Underground Storage (Billion Cubic Feet),662,BCF
2011-02-11,R33,NA,EPG0,Natural Gas,SWO,Underground Storage - Working Gas,NW2_EPG0_SWO_R33_BCF,Weekly South Central  Region Natural Gas Working Underground Storage (Billion Cubic Feet),672,BCF
2011-02-04,R33,NA,EPG0,Natural Gas,SWO,Underground Storage - Working Gas,NW2_EPG0_SWO_R33_BCF,Weekly South Central  Region Natural Gas Working Underground Storage (Billion Cubic Feet),763,BCF
2011-01-28,R33,NA,EPG0,Natural Gas,SWO,Underground Storage - Working Gas,NW2_EPG0_SWO_R33_BCF,Weekly South Central  Region Natural Gas Working Underground Storage (Billion Cubic Feet),830,BCF
2011-01-21,R33,NA,EPG0,Natural Gas,SWO,Underground Storage - Working Gas,NW2_EPG0_SWO_R33_BCF,Weekly South Central  Region Natural Gas Working Underground Storage (Billion Cubic Feet),885,BCF
2011-01-14,R33,NA,EPG0,Natural Gas,SWO,Underground Storage - Working Gas,NW2_EPG0_SWO_R33_BCF,Weekly South Central  Region Natural Gas Working Underground Storage (Billion Cubic Feet),939,BCF
2011-01-07,R33,NA,EPG0,Natural Gas,SWO,Underground Storage - Working Gas,NW2_EPG0_SWO_R33_BCF,Weekly South Central  Region Natural Gas Working Underground Storage (Billion Cubic Feet),1030,BCF
2010-12-31,R33,NA,EPG0,Natural Gas,SWO,Underground Storage - Working Gas,NW2_EPG0_SWO_R33_BCF,Weekly South Central  Region Natural Gas Working Underground Storage (Billion Cubic Feet),1050,BCF
2010-12-24,R33,NA,EPG0,Natural Gas,SWO,Underground Storage - Working Gas,NW2_EPG0_SWO_R33_BCF,Weekly South Central  Region Natural Gas Working Underground Storage (Billion Cubic Feet),1087,BCF
2010-12-17,R33,NA,EPG0,Natural Gas,SWO,Underground Storage - Working Gas,NW2_EPG0_SWO_R33_BCF,Weekly South Central  Region Natural Gas Working Underground Storage (Billion Cubic Feet),1108,BCF
2010-12-10,R33,NA,EPG0,Natural Gas,SWO,Underground Storage - Working Gas,NW2_EPG0_SWO_R33_BCF,Weekly South Central  Region Natural Gas Working Underground Storage (Billion Cubic Feet),1165,BCF
2010-12-03,R33,NA,EPG0,Natural Gas,SWO,Underground Storage - Working Gas,NW2_EPG0_SWO_R33_BCF,Weekly South Central  Region Natural Gas Working Underground Storage (Billion Cubic Feet),1208,BCF
2010-11-26,R33,NA,EPG0,Natural Gas,SWO,Underground Storage - Working Gas,NW2_EPG0_SWO_R33_BCF,Weekly South Central  Region Natural Gas Working Underground Storage (Billion Cubic Feet),1224,BCF
2010-11-19,R33,NA,EPG0,Natural Gas,SWO,Underground Storage - Working Gas,NW2_EPG0_SWO_R33_BCF,Weekly South Central  Region Natural Gas Working Underground Storage (Billion Cubic Feet),1210,BCF
2010-11-12,R33,NA,EPG0,Natural Gas,SWO,Underground Storage - Working Gas,NW2_EPG0_SWO_R33_BCF,Weekly South Central  Region Natural Gas Working Underground Storage (Billion Cubic Feet),1206,BCF
2010-11-05,R33,NA,EPG0,Natural Gas,SWO,Underground Storage - Working Gas,NW2_EPG0_SWO_R33_BCF,Weekly South Central  Region Natural Gas Working Underground Storage (Billion Cubic Feet),1203,BCF
2010-10-29,R33,NA,EPG0,Natural Gas,SWO,Underground Storage - Working Gas,NW2_EPG0_SWO_R33_BCF,Weekly South Central  Region Natural Gas Working Underground Storage (Billion Cubic Feet),1188,BCF
2010-10-22,R33,NA,EPG0,Natural Gas,SWO,Underground Storage - Working Gas,NW2_EPG0_SWO_R33_BCF,Weekly South Central  Region Natural Gas Working Underground Storage (Billion Cubic Feet),1162,BCF
2010-10-15,R33,NA,EPG0,Natural Gas,SWO,Underground Storage - Working Gas,NW2_EPG0_SWO_R33_BCF,Weekly South Central  Region Natural Gas Working Underground Storage (Billion Cubic Feet),1132,BCF
2010-10-08,R33,NA,EPG0,Natural Gas,SWO,Underground Storage - Working Gas,NW2_EPG0_SWO_R33_BCF,Weekly South Central  Region Natural Gas Working Underground Storage (Billion Cubic Feet),1095,BCF
2010-10-01,R33,NA,EPG0,Natural Gas,SWO,Underground Storage - Working Gas,NW2_EPG0_SWO_R33_BCF,Weekly South Central  Region Natural Gas Working Underground Storage (Billion Cubic Feet),1055,BCF
2010-09-24,R33,NA,EPG0,Natural Gas,SWO,Underground Storage - Working Gas,NW2_EPG0_SWO_R33_BCF,Weekly South Central  Region Natural Gas Working Underground Storage (Billion Cubic Feet),1024,BCF
2010-09-17,R33,NA,EPG0,Natural Gas,SWO,Underground Storage - Working Gas,NW2_EPG0_SWO_R33_BCF,Weekly South Central  Region Natural Gas Working Underground Storage (Billion Cubic Feet),1005,BCF
2010-09-10,R33,NA,EPG0,Natural Gas,SWO,Underground Storage - Working Gas,NW2_EPG0_SWO_R33_BCF,Weekly South Central  Region Natural Gas Working Underground Storage (Billion Cubic Feet),984,BCF
2010-09-03,R33,NA,EPG0,Natural Gas,SWO,Underground Storage - Working Gas,NW2_EPG0_SWO_R33_BCF,Weekly South Central  Region Natural Gas Working Underground Storage (Billion Cubic Feet),948,BCF
2010-08-27,R33,NA,EPG0,Natural Gas,SWO,Underground Storage - Working Gas,NW2_EPG0_SWO_R33_BCF,Weekly South Central  Region Natural Gas Working Underground Storage (Billion Cubic Feet),930,BCF
2010-08-20,R33,NA,EPG0,Natural Gas,SWO,Underground Storage - Working Gas,NW2_EPG0_SWO_R33_BCF,Weekly South Central  Region Natural Gas Working Underground Storage (Billion Cubic Feet),925,BCF
2010-08-13,R33,NA,EPG0,Natural Gas,SWO,Underground Storage - Working Gas,NW2_EPG0_SWO_R33_BCF,Weekly South Central  Region Natural Gas Working Underground Storage (Billion Cubic Feet),930,BCF
2010-08-06,R33,NA,EPG0,Natural Gas,SWO,Underground Storage - Working Gas,NW2_EPG0_SWO_R33_BCF,Weekly South Central  Region Natural Gas Working Underground Storage (Billion Cubic Feet),946,BCF
2010-07-30,R33,NA,EPG0,Natural Gas,SWO,Underground Storage - Working Gas,NW2_EPG0_SWO_R33_BCF,Weekly South Central  Region Natural Gas Working Underground Storage (Billion Cubic Feet),955,BCF
2010-07-23,R33,NA,EPG0,Natural Gas,SWO,Underground Storage - Working Gas,NW2_EPG0_SWO_R33_BCF,Weekly South Central  Region Natural Gas Working Underground Storage (Billion Cubic Feet),962,BCF
2010-07-16,R33,NA,EPG0,Natural Gas,SWO,Underground Storage - Working Gas,NW2_EPG0_SWO_R33_BCF,Weekly South Central  Region Natural Gas Working Underground Storage (Billion Cubic Feet),968,BCF
2010-07-09,R33,NA,EPG0,Natural Gas,SWO,Underground Storage - Working Gas,NW2_EPG0_SWO_R33_BCF,Weekly South Central  Region Natural Gas Working Underground Storage (Billion Cubic Feet),962,BCF
2010-07-02,R33,NA,EPG0,Natural Gas,SWO,Underground Storage - Working Gas,NW2_EPG0_SWO_R33_BCF,Weekly South Central  Region Natural Gas Working Underground Storage (Billion Cubic Feet),938,BCF
2010-06-25,R33,NA,EPG0,Natural Gas,SWO,Underground Storage - Working Gas,NW2_EPG0_SWO_R33_BCF,Weekly South Central  Region Natural Gas Working Underground Storage (Billion Cubic Feet),920,BCF
2010-06-18,R33,NA,EPG0,Natural Gas,SWO,Underground Storage - Working Gas,NW2_EPG0_SWO_R33_BCF,Weekly South Central  Region Natural Gas Working Underground Storage (Billion Cubic Feet),912,BCF
2010-06-11,R33,NA,EPG0,Natural Gas,SWO,Underground Storage - Working Gas,NW2_EPG0_SWO_R33_BCF,Weekly South Central  Region Natural Gas Working Underground Storage (Billion Cubic Feet),895,BCF
2010-06-04,R33,NA,EPG0,Natural Gas,SWO,Underground Storage - Working Gas,NW2_EPG0_SWO_R33_BCF,Weekly South Central  Region Natural Gas Working Underground Storage (Billion Cubic Feet),874,BCF
2010-05-28,R33,NA,EPG0,Natural Gas,SWO,Underground Storage - Working Gas,NW2_EPG0_SWO_R33_BCF,Weekly South Central  Region Natural Gas Working Underground Storage (Billion Cubic Feet),846,BCF
2010-05-21,R33,NA,EPG0,Natural Gas,SWO,Underground Storage - Working Gas,NW2_EPG0_SWO_R33_BCF,Weekly South Central  Region Natural Gas Working Underground Storage (Billion Cubic Feet),824,BCF
2010-05-14,R33,NA,EPG0,Natural Gas,SWO,Underground Storage - Working Gas,NW2_EPG0_SWO_R33_BCF,Weekly South Central  Region Natural Gas Working Underground Storage (Billion Cubic Feet),794,BCF
2010-05-07,R33,NA,EPG0,Natural Gas,SWO,Underground Storage - Working Gas,NW2_EPG0_SWO_R33_BCF,Weekly South Central  Region Natural Gas Working Underground Storage (Billion Cubic Feet),770,BCF
2010-04-30,R33,NA,EPG0,Natural Gas,SWO,Underground Storage - Working Gas,NW2_EPG0_SWO_R33_BCF,Weekly South Central  Region Natural Gas Working Underground Storage (Billion Cubic Feet),741,BCF
2010-04-23,R33,NA,EPG0,Natural Gas,SWO,Underground Storage - Working Gas,NW2_EPG0_SWO_R33_BCF,Weekly South Central  Region Natural Gas Working Underground Storage (Billion Cubic Feet),710,BCF
2010-04-16,R33,NA,EPG0,Natural Gas,SWO,Underground Storage - Working Gas,NW2_EPG0_SWO_R33_BCF,Weekly South Central  Region Natural Gas Working Underground Storage (Billion Cubic Feet),679,BCF
2010-04-09,R33,NA,EPG0,Natural Gas,SWO,Underground Storage - Working Gas,NW2_EPG0_SWO_R33_BCF,Weekly South Central  Region Natural Gas Working Underground Storage (Billion Cubic Feet),649,BCF
2010-04-02,R33,NA,EPG0,Natural Gas,SWO,Underground Storage - Working Gas,NW2_EPG0_SWO_R33_BCF,Weekly South Central  Region Natural Gas Working Underground Storage (Billion Cubic Feet),612,BCF
2010-03-26,R33,NA,EPG0,Natural Gas,SWO,Underground Storage - Working Gas,NW2_EPG0_SWO_R33_BCF,Weekly South Central  Region Natural Gas Working Underground Storage (Billion Cubic Feet),581,BCF
2010-03-19,R33,NA,EPG0,Natural Gas,SWO,Underground Storage - Working Gas,NW2_EPG0_SWO_R33_BCF,Weekly South Central  Region Natural Gas Working Underground Storage (Billion Cubic Feet),567,BCF
2010-03-12,R33,NA,EPG0,Natural Gas,SWO,Underground Storage - Working Gas,NW2_EPG0_SWO_R33_BCF,Weekly South Central  Region Natural Gas Working Underground Storage (Billion Cubic Feet),548,BCF
2010-03-05,R33,NA,EPG0,Natural Gas,SWO,Underground Storage - Working Gas,NW2_EPG0_SWO_R33_BCF,Weekly South Central  Region Natural Gas Working Underground Storage (Billion Cubic Feet),535,BCF
2010-02-26,R33,NA,EPG0,Natural Gas,SWO,Underground Storage - Working Gas,NW2_EPG0_SWO_R33_BCF,Weekly South Central  Region Natural Gas Working Underground Storage (Billion Cubic Feet),566,BCF
2010-02-19,R33,NA,EPG0,Natural Gas,SWO,Underground Storage - Working Gas,NW2_EPG0_SWO_R33_BCF,Weekly South Central  Region Natural Gas Working Underground Storage (Billion Cubic Feet),592,BCF
2010-02-12,R33,NA,EPG0,Natural Gas,SWO,Underground Storage - Working Gas,NW2_EPG0_SWO_R33_BCF,Weekly South Central  Region Natural Gas Working Underground Storage (Billion Cubic Feet),658,BCF
2010-02-05,R33,NA,EPG0,Natural Gas,SWO,Underground Storage - Working Gas,NW2_EPG0_SWO_R33_BCF,Weekly South Central  Region Natural Gas Working Underground Storage (Billion Cubic Feet),719,BCF
2010-01-29,R33,NA,EPG0,Natural Gas,SWO,Underground Storage - Working Gas,NW2_EPG0_SWO_R33_BCF,Weekly South Central  Region Natural Gas Working Underground Storage (Billion Cubic Feet),779,BCF
2010-01-22,R33,NA,EPG0,Natural Gas,SWO,Underground Storage - Working Gas,NW2_EPG0_SWO_R33_BCF,Weekly South Central  Region Natural Gas Working Underground Storage (Billion Cubic Feet),789,BCF
2010-01-15,R33,NA,EPG0,Natural Gas,SWO,Underground Storage - Working Gas,NW2_EPG0_SWO_R33_BCF,Weekly South Central  Region Natural Gas Working Underground Storage (Billion Cubic Feet),793,BCF
2010-01-08,R33,NA,EPG0,Natural Gas,SWO,Underground Storage - Working Gas,NW2_EPG0_SWO_R33_BCF,Weekly South Central  Region Natural Gas Working Underground Storage (Billion Cubic Feet),886,BCF
2010-01-01,R33,NA,EPG0,Natural Gas,SWO,Underground Storage - Working Gas,NW2_EPG0_SWO_R33_BCF,Weekly South Central  Region Natural Gas Working Underground Storage (Billion Cubic Feet),985,BCF
